{"type":"FeatureCollection","features":[{"type":"Feature","properties":{},"geometry":{"type":"MultiPolygon","coordinates":[[[[25.5,66.5],[25.5,60.0],[25.5,60.0],[25.5,60.24614178625792],[25.361664,60.245185],[25.363455,60.260077],[25.350922,60.267239],[25.313813,60.272528],[25.316173,60.26789],[25.319509,60.256293],[25.3213,60.25141],[25.290538,60.245917],[25.19752,60.245185],[25.192149,60.243842],[25.19044,60.240058],[25.190929,60.228461],[25.190278,60.227769],[25.185802,60.223131],[25.174164,60.225409],[25.156261,60.232164],[25.15504,60.223782],[25.191254,60.212348],[25.203949,60.20425],[25.194672,60.200832],[25.181407,60.200507],[25.197113,60.190619],[25.177013,60.183295],[25.117035,60.175727],[25.094737,60.176337],[25.097423,60.183417],[25.098969,60.18651],[25.101573,60.190619],[25.058604,60.177314],[25.047862,60.168891],[25.067393,60.162665],[25.061046,60.156562],[25.045258,60.156806],[25.029307,60.147854],[25.010753,60.151353],[24.997895,60.162665],[25.010753,60.169867],[25.021495,60.183987],[25.02589,60.199449],[25.019054,60.211086],[24.99879,60.212836],[24.984548,60.199449],[24.961192,60.151557],[24.950938,60.143459],[24.865733,60.140123],[24.845225,60.143744],[24.834158,60.155829],[24.870942,60.161689],[24.868826,60.179755],[24.842459,60.194648],[24.806814,60.190619],[24.827322,60.162665],[24.812511,60.158271],[24.785899,60.146226],[24.772634,60.142157],[24.720958,60.138414],[24.687755,60.132514],[24.679698,60.130113],[24.67335,60.125434],[24.671153,60.118232],[24.674815,60.105536],[24.670258,60.101223],[24.656423,60.100979],[24.649587,60.109565],[24.646169,60.120917],[24.642263,60.129096],[24.630626,60.136298],[24.569102,60.153998],[24.554047,60.155951],[24.549001,60.152777],[24.560395,60.142157],[24.576671,60.13524],[24.590831,60.132229],[24.596853,60.127265],[24.587657,60.114814],[24.574718,60.107733],[24.560557,60.10456],[24.548025,60.099677],[24.540375,60.087551],[24.608165,60.101223],[24.602712,60.091783],[24.594249,60.084947],[24.573985,60.07392],[24.594493,60.066474],[24.594493,60.060248],[24.527029,60.035346],[24.487641,60.005805],[24.475579568617015,60.0],[24.421346756126024,60.0],[24.424327,60.005072],[24.452973,60.037746],[24.464122,60.046576],[24.446137,60.047512],[24.420909,60.035468],[24.374766,60.00495],[24.367686,60.02204],[24.350271,60.016547],[24.329763,60.003363],[24.31995353251408,60.0],[24.31363723410648,60.0],[24.319102,60.014146],[24.330577,60.021674],[24.344249,60.026801],[24.357677,60.036038],[24.360362,60.043118],[24.359711,60.051988],[24.36085,60.062405],[24.367931,60.07392],[24.319672,60.075832],[24.295909,60.072211],[24.278575,60.060248],[24.292247,60.052802],[24.261078,60.041571],[24.252452,60.03974],[24.239024,60.039374],[24.203949,60.046576],[24.176524,60.048041],[24.158458,60.043036],[24.15797,60.034491],[24.182953,60.025458],[24.164236,60.019436],[24.147716,60.021959],[24.131847,60.027981],[24.114757,60.032294],[24.105968,60.031928],[24.068126,60.020575],[24.05836,60.020413],[24.046397,60.025458],[24.028168,60.009345],[24.009613,60.010565],[24.002615,60.020982],[24.019216,60.032294],[24.019216,60.03974],[24.000824,60.038275],[23.990245,60.031562],[23.981944,60.021959],[23.970714,60.011786],[23.955333,60.003567],[23.942985886814743,60.0],[23.471272125110847,60.0],[23.483572,60.011298],[23.498302,60.019273],[23.52711,60.02383],[23.540863,60.02912],[23.542735,60.036038],[23.536143,60.044989],[23.534353,60.053697],[23.537364,60.063056],[23.546153,60.07392],[23.509613,60.06745],[23.498302,60.0633],[23.490245,60.055487],[23.485688,60.045152],[23.47877,60.036119],[23.463878,60.032294],[23.453787,60.027981],[23.449392,60.017564],[23.446056,60.005113],[23.443011508488883,60.0],[23.32101066837195,60.0],[23.326427,60.009345],[23.332856,60.029853],[23.315929,60.022406],[23.29587803321882,60.0],[23.206914703976437,60.0],[23.217947,60.008368],[23.241384,60.033108],[23.257579,60.03974],[23.205089,60.049709],[23.106212,60.039049],[23.059418,60.03974],[23.035492,60.044582],[23.013357,60.051581],[22.996918,60.062079],[22.990733,60.077338],[22.997244,60.089667],[23.012869,60.101752],[23.045909,60.121649],[23.025401,60.135321],[23.019867,60.128811],[23.0088,60.112006],[23.004893,60.107367],[22.996755,60.103705],[22.977875,60.098782],[22.969493,60.094387],[22.968272,60.110826],[22.958669,60.121568],[22.942556,60.127387],[22.907888,60.131781],[22.886974,60.144924],[22.874685,60.149604],[22.884776,60.159857],[22.88559,60.169338],[22.879161,60.177476],[22.867198,60.183743],[22.92156,60.231147],[22.942882,60.245185],[23.007579,60.277004],[23.025401,60.292955],[23.031261,60.302639],[23.038097,60.319159],[23.045909,60.327094],[23.07252,60.33869],[23.082856,60.345893],[23.080577,60.355048],[23.060313,60.357327],[23.03419,60.34394],[23.01059,60.323961],[22.998057,60.306627],[22.941173,60.316474],[22.877126,60.301093],[22.736176,60.238186],[22.611176,60.219957],[22.553396,60.205024],[22.525076,60.20425],[22.539806,60.213568],[22.593435,60.232164],[22.573497,60.234931],[22.572032,60.242662],[22.590343,60.262274],[22.601085,60.268215],[22.648123,60.278713],[22.598399,60.275784],[22.574555,60.270819],[22.527354,60.252143],[22.503591,60.247056],[22.449474,60.245185],[22.457774,60.252387],[22.459239,60.258734],[22.459158,60.26496],[22.463064,60.272528],[22.469412,60.276923],[22.487478,60.28498],[22.5088,60.301093],[22.540294,60.318996],[22.545665,60.33393],[22.596365,60.363674],[22.627615,60.375393],[22.631358,60.389553],[22.624278,60.399075],[22.580821,60.375922],[22.543468,60.372545],[22.463064,60.375556],[22.483572,60.402167],[22.326182,60.382392],[22.291515,60.382636],[22.280121,60.386461],[22.249522,60.404608],[22.181488,60.430487],[22.161143,60.434638],[22.11671,60.436957],[22.111013,60.444078],[22.108165,60.456855],[22.101085,60.462144],[22.082693,60.447211],[22.064464,60.436347],[22.047048,60.438788],[22.018077,60.457465],[22.017426,60.459906],[22.018565,60.468695],[22.018077,60.471137],[22.013438,60.471747],[22.00172,60.47012],[21.997569,60.471137],[21.989024,60.475165],[21.981944,60.476752],[21.979177,60.48078],[21.983897,60.492255],[21.935395,60.492255],[21.939708,60.499213],[21.945649,60.51203],[21.950369,60.518948],[21.931651,60.52497],[21.903168,60.528876],[21.874034,60.529527],[21.853526,60.525784],[21.843923,60.51553],[21.848481,60.50373],[21.874034,60.477973],[21.828624,60.485419],[21.806,60.485989],[21.78533,60.477973],[21.789561,60.495103],[21.802989,60.525133],[21.805675,60.54682],[21.805349,60.561957],[21.807872,60.575588],[21.819591,60.585028],[21.846039,60.587836],[21.833263,60.596503],[21.828461,60.606391],[21.830903,60.617133],[21.840505,60.62873],[21.773936,60.603949],[21.754242,60.590969],[21.731781,60.581732],[21.678966,60.576483],[21.661794,60.567328],[21.660167,60.559068],[21.668956,60.545233],[21.664806,60.536322],[21.658702,60.530341],[21.65561,60.525946],[21.65447,60.519843],[21.654307,60.508979],[21.641449,60.495754],[21.612071,60.488837],[21.579845,60.48786],[21.558116,60.492255],[21.583751,60.505032],[21.569672,60.526435],[21.517751,60.567328],[21.533458,60.568061],[21.578624,60.559882],[21.578624,60.567328],[21.555024,60.57217],[21.486095,60.574164],[21.4546,60.567694],[21.442638,60.567328],[21.434337,60.569892],[21.418468,60.578437],[21.408539,60.58039],[21.408539,60.587836],[21.41505,60.588446],[21.419444,60.589911],[21.428396,60.594062],[21.414806,60.608303],[21.44516,60.6022],[21.462657,60.601752],[21.469981,60.608303],[21.42156,60.62873],[21.399913,60.634101],[21.379649,60.64704],[21.363048,60.662787],[21.353282,60.676581],[21.354015,60.681708],[21.355805,60.682929],[21.356212,60.684394],[21.353282,60.690172],[21.425955,60.679633],[21.438975,60.680325],[21.445649,60.692857],[21.440929,60.70303],[21.431163,60.712958],[21.42213,60.725002],[21.469981,60.725002],[21.469981,60.731147],[21.448497,60.732245],[21.427094,60.736518],[21.406505,60.743476],[21.38738,60.752346],[21.403331,60.758246],[21.411632,60.75967],[21.42213,60.759101],[21.400238,60.774563],[21.387706,60.779242],[21.374278,60.779608],[21.38087,60.793402],[21.374278,60.807603],[21.36085,60.81623],[21.346446,60.813137],[21.339041,60.817125],[21.333263,60.821845],[21.328868,60.827541],[21.325938,60.834866],[21.336436,60.844713],[21.318533,60.864691],[21.33253,60.868354],[21.382335,60.863186],[21.407888,60.864569],[21.428396,60.8758],[21.417328,60.880316],[21.405935,60.882025],[21.38087,60.882025],[21.373709,60.884589],[21.353282,60.902533],[21.36378,60.904853],[21.381684,60.914618],[21.390798,60.916815],[21.399669,60.914049],[21.4074,60.908271],[21.416189,60.903225],[21.428396,60.902533],[21.422211,60.912909],[21.417817,60.924302],[21.412771,60.933498],[21.40447,60.937242],[21.392589,60.939032],[21.387869,60.943671],[21.385509,60.950263],[21.380544,60.957709],[21.335704,61.004584],[21.318533,61.012356],[21.332856,61.023912],[21.339041,61.026597],[21.311534,61.037543],[21.302094,61.046047],[21.298676,61.060126],[21.320323,61.060207],[21.364268,61.044745],[21.38738,61.040269],[21.408865,61.04328],[21.408132,61.048163],[21.407725,61.050727],[21.391368,61.057929],[21.366954,61.060126],[21.395274,61.069403],[21.453868,61.054999],[21.48227,61.060126],[21.468272,61.06684],[21.454845,61.078192],[21.45045,61.090766],[21.463145,61.101142],[21.452403,61.12523],[21.446056,61.135159],[21.435232,61.142727],[21.445079,61.143052],[21.469981,61.149563],[21.462657,61.149359],[21.455821,61.150214],[21.449067,61.15233],[21.442638,61.155748],[21.456309,61.169989],[21.442638,61.169989],[21.455821,61.176174],[21.471039,61.178168],[21.503429,61.177436],[21.498871,61.187445],[21.496593,61.191107],[21.526622,61.199693],[21.558116,61.204169],[21.543468,61.225084],[21.524099,61.234605],[21.476085,61.245754],[21.485606,61.256171],[21.49936,61.261054],[21.508311,61.266832],[21.503429,61.279853],[21.544444,61.279853],[21.544444,61.287299],[21.542003,61.292711],[21.544444,61.310777],[21.544444,61.320868],[21.542003,61.32689],[21.53419,61.329495],[21.530772,61.334459],[21.529959,61.340522],[21.531749,61.349677],[21.530772,61.354967],[21.524262,61.375312],[21.518403,61.381578],[21.503429,61.389106],[21.490082,61.393256],[21.462087,61.398424],[21.448904,61.402777],[21.477875,61.411566],[21.541677,61.408393],[21.572439,61.416409],[21.557872,61.43122],[21.542247,61.442125],[21.510265,61.457994],[21.442068,61.475043],[21.42213,61.485338],[21.555675,61.475165],[21.592133,61.485338],[21.571137,61.514106],[21.565603,61.519477],[21.550955,61.521796],[21.524262,61.517401],[21.510265,61.519477],[21.469981,61.54682],[21.461925,61.557766],[21.460134,61.562405],[21.466482,61.564439],[21.48227,61.567857],[21.507986,61.570136],[21.623383,61.545885],[21.68686,61.524482],[21.716319,61.519477],[21.716319,61.526923],[21.648123,61.560289],[21.614268,61.585435],[21.591807,61.628119],[21.573253,61.635565],[21.552501,61.640774],[21.537608,61.649848],[21.536143,61.658026],[21.544119,61.672838],[21.541026,61.680243],[21.517751,61.705064],[21.517751,61.711249],[21.536306,61.708197],[21.570323,61.695014],[21.585948,61.697659],[21.559337,61.713324],[21.489268,61.736965],[21.469981,61.759711],[21.472667,61.771918],[21.481944,61.78559],[21.489024,61.79914],[21.486095,61.811184],[21.472504,61.81684],[21.455577,61.819973],[21.444591,61.826321],[21.448904,61.84162],[21.418468,61.862535],[21.403168,61.87641],[21.394216,61.88939],[21.403575,61.893134],[21.411957,61.900092],[21.414073,61.906887],[21.393565,61.913235],[21.389496,61.921129],[21.387218,61.930406],[21.380544,61.937812],[21.37143,61.939114],[21.325694,61.937812],[21.316742,61.939195],[21.312511,61.939846],[21.290212,61.94892],[21.277517,61.951483],[21.294932,61.97134],[21.280528,61.97956],[21.236583,61.985012],[21.276215,62.050198],[21.284353,62.074937],[21.289073,62.121568],[21.296397,62.130439],[21.312266,62.109117],[21.329112,62.138129],[21.33253,62.152574],[21.325938,62.163764],[21.340343,62.175727],[21.371104,62.186469],[21.383962,62.194485],[21.389903,62.208157],[21.38087,62.217841],[21.353282,62.232001],[21.374278,62.266791],[21.352306,62.266018],[21.340017,62.255194],[21.329356,62.241441],[21.312266,62.232001],[21.316173,62.248236],[21.328461,62.277167],[21.332774,62.294094],[21.333507,62.340562],[21.339041,62.355536],[21.28533,62.345282],[21.270681,62.349311],[21.262462,62.359198],[21.260427,62.371975],[21.26531,62.385199],[21.277517,62.39647],[21.270681,62.410793],[21.205089,62.359687],[21.202403,62.349189],[21.216075,62.335028],[21.194347,62.337063],[21.189789,62.352444],[21.195079,62.37287],[21.202403,62.390326],[21.196544,62.391506],[21.187022,62.39525],[21.181326,62.39647],[21.189464,62.408393],[21.194591,62.413235],[21.202403,62.417629],[21.186046,62.42357],[21.166759,62.421332],[21.147797,62.413804],[21.133556,62.403957],[21.131358,62.416693],[21.149181,62.447089],[21.154552,62.464789],[21.136974,62.457994],[21.124278,62.45482],[21.116384,62.46015],[21.113048,62.47842],[21.115571,62.495795],[21.124278,62.509996],[21.137869,62.520697],[21.154552,62.527493],[21.148774,62.535549],[21.12672,62.554145],[21.146821,62.562812],[21.167328,62.575751],[21.188162,62.584866],[21.209239,62.582099],[21.193533,62.600898],[21.121593,62.609442],[21.106212,62.623033],[21.094086,62.619452],[21.083263,62.612698],[21.065196,62.595771],[21.067882,62.620103],[21.083181,62.659247],[21.078949,62.67829],[21.098888,62.680894],[21.125743,62.690172],[21.149669,62.703803],[21.160818,62.719306],[21.160167,62.73017],[21.15561,62.731757],[21.148611,62.730414],[21.140391,62.732896],[21.122813,62.74372],[21.116466,62.749661],[21.107921,62.767035],[21.113536,62.781195],[21.12908,62.790839],[21.15089,62.794379],[21.171072,62.784613],[21.18336,62.782375],[21.188813,62.790676],[21.192231,62.792914],[21.209646,62.807603],[21.216075,62.814846],[21.221934,62.831041],[21.222667,62.845649],[21.226736,62.858466],[21.243419,62.869452],[21.267426,62.869045],[21.335704,62.855455],[21.3567,62.859524],[21.364268,62.865424],[21.382823,62.874579],[21.390798,62.880316],[21.395518,62.887356],[21.399669,62.900702],[21.40919,62.913804],[21.420095,62.934882],[21.42213,62.941799],[21.427501,62.944037],[21.463145,62.951402],[21.446544,62.987006],[21.442719,63.005072],[21.442638,63.027086],[21.441742,63.034369],[21.440766,63.037787],[21.444102,63.04092],[21.456309,63.047553],[21.467052,63.047919],[21.475271,63.043036],[21.480479,63.043036],[21.48227,63.058173],[21.495128,63.071723],[21.523448,63.063951],[21.565196,63.040758],[21.59547,63.034857],[21.625743,63.023871],[21.656749,63.01789],[21.688487,63.027086],[21.645681,63.055243],[21.579112,63.083726],[21.559581,63.09512],[21.553233,63.108588],[21.572439,63.123358],[21.560069,63.119696],[21.545909,63.117906],[21.531993,63.119696],[21.520844,63.126776],[21.516775,63.1376],[21.517833,63.148017],[21.516124,63.155463],[21.503429,63.157457],[21.510509,63.168402],[21.522227,63.172065],[21.551931,63.171129],[21.551931,63.177924],[21.512869,63.185004],[21.500987,63.19245],[21.496593,63.20897],[21.504893,63.217434],[21.523774,63.225409],[21.544444,63.231024],[21.558116,63.232611],[21.615408,63.203925],[21.647227,63.197659],[21.667979,63.21955],[21.687999,63.210191],[21.714692,63.202338],[21.742361,63.199652],[21.764171,63.205878],[21.749034,63.210883],[21.717947,63.215318],[21.702647,63.21955],[21.702647,63.225775],[21.743663,63.239407],[21.758067,63.241523],[21.79835,63.239407],[21.8213,63.24372],[21.869884,63.259426],[21.894542,63.260484],[21.884451,63.245429],[21.88266,63.235907],[21.891449,63.196601],[21.889903,63.188178],[21.88087,63.177924],[21.905528,63.175442],[21.983897,63.143215],[21.972179,63.164984],[21.955903,63.18476],[21.98406,63.19123],[21.994395,63.196438],[22.004405,63.205878],[22.01002,63.215766],[22.012543,63.224311],[22.015961,63.232001],[22.02475,63.239407],[22.043142,63.245592],[22.053559,63.240912],[22.061371,63.232123],[22.072032,63.225775],[22.087576,63.225775],[22.114024,63.236274],[22.127208,63.239407],[22.139496,63.237982],[22.15919,63.231757],[22.175059,63.232611],[22.180186,63.2355],[22.181163,63.240058],[22.180837,63.244452],[22.181895,63.246812],[22.187266,63.246405],[22.194998,63.244127],[22.201427,63.24136],[22.202973,63.239407],[22.24464,63.267076],[22.266368,63.285346],[22.278087,63.301459],[22.284923,63.301459],[22.307628,63.275865],[22.330089,63.28384],[22.352224,63.305609],[22.373709,63.321357],[22.363943,63.32689],[22.357188,63.334215],[22.346934,63.34927],[22.333832,63.359687],[22.305349,63.372707],[22.255382,63.40644],[22.250499,63.411322],[22.232921,63.411811],[22.218272,63.414374],[22.205821,63.420315],[22.195567,63.43122],[22.190929,63.458441],[22.21339,63.470893],[22.246755,63.469631],[22.274669,63.455715],[22.304942,63.435858],[22.335216,63.430406],[22.366954,63.42829],[22.401622,63.418158],[22.318207,63.460517],[22.279959,63.487616],[22.271251,63.513739],[22.281423,63.52619],[22.292247,63.529731],[22.319347,63.527411],[22.337413,63.523342],[22.337087,63.513617],[22.331228,63.502346],[22.333344,63.493232],[22.355479,63.487494],[22.380219,63.485419],[22.396821,63.476955],[22.394786,63.452338],[22.4074,63.456936],[22.423676,63.468004],[22.435802,63.472805],[22.435802,63.47956],[22.428396,63.488756],[22.431488,63.497382],[22.43865,63.506537],[22.442638,63.517483],[22.445486,63.518134],[22.463064,63.554755],[22.472423,63.561835],[22.483735,63.56684],[22.493175,63.573472],[22.497244,63.585761],[22.503429,63.587104],[22.545665,63.575181],[22.537771,63.587714],[22.497244,63.622992],[22.514415,63.635972],[22.522227,63.640611],[22.531993,63.64411],[22.52947,63.650865],[22.527843,63.653876],[22.525076,63.657701],[22.567393,63.653144],[22.585704,63.65705],[22.593435,63.674506],[22.591075,63.694159],[22.589041,63.703315],[22.594086,63.704291],[22.613292,63.699286],[22.627778,63.687445],[22.637055,63.683092],[22.641124,63.688463],[22.644867,63.698554],[22.654063,63.703762],[22.665212,63.704779],[22.675304,63.702379],[22.690766,63.693793],[22.702322,63.683417],[22.707042,63.671332],[22.702647,63.657701],[22.713227,63.649888],[22.73406,63.62759],[22.740489,63.622992],[22.755219,63.624091],[22.773448,63.627509],[22.790538,63.633002],[22.802257,63.640326],[22.810232,63.643744],[22.820486,63.644192],[22.829275,63.646226],[22.833018,63.654364],[22.833018,63.661811],[22.833507,63.667304],[22.835704,63.672105],[22.840343,63.677639],[22.855479,63.687161],[22.886974,63.695217],[22.901866,63.705512],[22.885265,63.712307],[22.833018,63.72602],[22.901866,63.72602],[22.882091,63.742133],[22.874685,63.746527],[22.900401,63.740058],[22.914724,63.739203],[22.925792,63.743394],[22.928477,63.748765],[22.929861,63.756903],[22.92921,63.76435],[22.925792,63.767564],[22.907725,63.772406],[22.898774,63.783271],[22.902517,63.794867],[22.922374,63.801703],[22.942882,63.800482],[22.954845,63.79328],[22.973155,63.770982],[22.990001,63.761298],[23.000662,63.763617],[23.001801,63.773749],[22.990733,63.787502],[22.990733,63.787624],[22.99464,63.800727],[22.994477,63.80622],[22.990733,63.815375],[23.047618,63.841295],[23.062836,63.852973],[23.074962,63.857367],[23.121349,63.849555],[23.132579,63.852484],[23.142345,63.858466],[23.153494,63.863471],[23.151215,63.864895],[23.141612,63.869452],[23.141856,63.875963],[23.15504,63.883694],[23.167328,63.886949],[23.197927,63.890611],[23.275238,63.888902],[23.306488,63.894232],[23.326427,63.910956],[23.350759,63.89883],[23.372813,63.900621],[23.394216,63.911078],[23.415782,63.924628],[23.384776,63.9383],[23.37086,63.946519],[23.37086,63.956],[23.378754,63.96894],[23.37672,63.978746],[23.37086,63.987535],[23.367442,63.99726],[23.369884,64.003241],[23.381602,64.048163],[23.396495,64.056138],[23.415212,64.05622],[23.449962,64.048163],[23.456554,64.045478],[23.46754,64.037909],[23.477306,64.035102],[23.487559,64.035956],[23.496755,64.039455],[23.506602,64.041653],[23.538341,64.031887],[23.604503,64.027655],[23.619802,64.038031],[23.605968,64.061103],[23.581716,64.084662],[23.566091,64.096584],[23.573578,64.107245],[23.58546,64.108547],[23.614431,64.10342],[23.622081,64.107123],[23.644786,64.124416],[23.656016,64.130072],[23.66033,64.143297],[23.679535,64.155341],[23.704275,64.166693],[23.706472,64.168077],[23.723643,64.178534],[23.716807,64.178534],[23.719412,64.194281],[23.724376,64.20893],[23.735688,64.216213],[23.75766,64.20954],[23.772716,64.20893],[23.819102,64.220649],[23.833507,64.226874],[23.841645,64.236151],[23.861095,64.26789],[23.881602,64.266099],[23.92449,64.254706],[23.94337,64.246772],[23.934581,64.25849],[23.927582,64.271186],[23.925141,64.285468],[23.929047,64.301418],[23.940929,64.316555],[23.971202,64.33515],[23.984223,64.349799],[23.996104,64.379869],[24.004405,64.389106],[24.025401,64.39765],[24.068614,64.405585],[24.084727,64.41474],[24.080577,64.431708],[24.093272,64.430406],[24.104828,64.43122],[24.115489,64.434801],[24.125011,64.442328],[24.129161,64.440823],[24.169281,64.452216],[24.20574,64.452216],[24.210785,64.456],[24.21046,64.47309],[24.21225,64.481024],[24.217784,64.487006],[24.229503,64.489163],[24.257579,64.485989],[24.268891,64.490058],[24.275157,64.497626],[24.280935,64.510159],[24.285981,64.51496],[24.306326,64.52204],[24.325694,64.524604],[24.344086,64.530748],[24.361095,64.548407],[24.360118,64.555365],[24.355642,64.564521],[24.354991,64.572414],[24.373871,64.579535],[24.374522,64.587795],[24.37086,64.59516],[24.367931,64.596869],[24.375499,64.617255],[24.38266,64.628648],[24.408865,64.651435],[24.414317,64.659084],[24.418305,64.668036],[24.422862,64.675605],[24.429373,64.678778],[24.441173,64.681098],[24.470958,64.699286],[24.511567,64.710028],[24.530284,64.717841],[24.546072,64.733385],[24.536469,64.744127],[24.5324,64.747707],[24.5324,64.753852],[24.543712,64.764716],[24.55714,64.770901],[24.587657,64.781195],[24.550059,64.796576],[24.538422,64.805325],[24.556651,64.809149],[24.57838,64.807929],[24.658539,64.788642],[24.668305,64.78913],[24.676524,64.794867],[24.676768,64.799547],[24.665701,64.807074],[24.662771,64.812567],[24.670665,64.829739],[24.689626,64.834703],[24.7317,64.835842],[24.736339,64.855373],[24.773123,64.86579],[24.896983,64.873114],[25.073741,64.916083],[25.094737,64.918362],[25.112315,64.914455],[25.121755,64.905097],[25.129731,64.893785],[25.14324,64.884223],[25.151052,64.883857],[25.158458,64.886705],[25.166677,64.888414],[25.177257,64.884223],[25.179861,64.87995],[25.18393,64.86579],[25.187266,64.860663],[25.202485,64.849189],[25.217621,64.841457],[25.235606,64.837104],[25.259288,64.835842],[25.259288,64.829576],[25.249766,64.829535],[25.241547,64.828111],[25.225108,64.82274],[25.259532,64.816474],[25.354828,64.829576],[25.362153,64.833075],[25.350434,64.851711],[25.351817,64.860663],[25.36671,64.89175],[25.3685,64.898505],[25.359548,64.911119],[25.34783,64.911566],[25.334809,64.906928],[25.3213,64.904731],[25.306326,64.908881],[25.279796,64.922309],[25.241222,64.929023],[25.223481,64.93891],[25.190929,64.966783],[25.196056,64.969794],[25.206228,64.977484],[25.211436,64.980414],[25.203949,64.98664],[25.220958,64.990546],[25.321625,64.983588],[25.340099,64.97724],[25.375987,64.959947],[25.399099,64.95189],[25.42156,64.948879],[25.438162,64.95307],[25.443533,64.966783],[25.43629,64.980292],[25.424327,64.989081],[25.416759,64.998603],[25.423106,65.014594],[25.416189,65.019924],[25.413097,65.024482],[25.413259,65.029242],[25.41627,65.035061],[25.392589,65.047675],[25.38087,65.055976],[25.375987,65.065741],[25.37436,65.076361],[25.369965,65.084418],[25.363536,65.090766],[25.355479,65.096503],[25.324067,65.109809],[25.211436,65.123765],[25.218272,65.145738],[25.225841,65.156643],[25.259288,65.172187],[25.272634,65.180406],[25.282481,65.191392],[25.285655,65.204779],[25.279796,65.219957],[25.292166,65.219062],[25.304454,65.219672],[25.316254,65.222113],[25.327485,65.226874],[25.320649,65.22842],[25.307872,65.232733],[25.300141,65.233629],[25.308849,65.249091],[25.313813,65.254136],[25.297211,65.259508],[25.289073,65.261135],[25.279796,65.260972],[25.2942,65.271145],[25.307872,65.302151],[25.3213,65.31623],[25.317393,65.319322],[25.310802,65.32685],[25.306977,65.32982],[25.316254,65.331366],[25.322439,65.333564],[25.334972,65.343492],[25.266124,65.377631],[25.28004,65.381171],[25.306895,65.381578],[25.3213,65.385077],[25.330089,65.39053],[25.34669,65.405748],[25.355479,65.411811],[25.344493,65.428534],[25.358653,65.465522],[25.351817,65.484117],[25.323578,65.506781],[25.293712,65.525092],[25.219005,65.557278],[25.197113,65.562649],[25.170095,65.562242],[25.146821,65.559027],[25.124848,65.561103],[25.101573,65.57689],[25.096365,65.585028],[25.093191,65.591905],[25.091807,65.594957],[25.08546,65.60517],[25.074229,65.614163],[25.06072,65.617255],[25.035818,65.614163],[25.022472,65.620998],[25.004893,65.627021],[24.957205,65.622789],[24.937185,65.624091],[24.924083,65.630439],[24.906098,65.645941],[24.895518,65.651353],[24.859141,65.659125],[24.819509,65.662177],[24.780284,65.659735],[24.745291,65.651353],[24.719086,65.637885],[24.706798,65.633287],[24.687022,65.631537],[24.675792,65.635443],[24.671072,65.644965],[24.670177,65.683417],[24.667735,65.690863],[24.659679,65.695054],[24.596528,65.709174],[24.583995,65.716864],[24.567719,65.730658],[24.554861,65.745103],[24.550466,65.763495],[24.560395,65.78913],[24.575369,65.808173],[24.632009,65.860582],[24.645763,65.879462],[24.653656,65.885565],[24.670258,65.891588],[24.697602,65.894477],[24.70753,65.899237],[24.710623,65.912095],[24.694591,65.903998],[24.642263,65.891588],[24.634451,65.890937],[24.625336,65.891303],[24.617931,65.889228],[24.615001,65.881334],[24.615489,65.870795],[24.614513,65.866156],[24.611583,65.864325],[24.587169,65.854315],[24.54363,65.808987],[24.518809,65.796047],[24.494395,65.795152],[24.473481,65.797187],[24.452973,65.796942],[24.430512,65.78913],[24.427989,65.7862],[24.426117,65.781684],[24.422862,65.776597],[24.415701,65.771796],[24.404796,65.769232],[24.357107,65.779202],[24.327891,65.797919],[24.316661,65.802232],[24.277843,65.809394],[24.238292,65.822699],[24.248302,65.809027],[24.251231,65.794135],[24.244314,65.781562],[24.22462,65.774888],[24.206228,65.778754],[24.188243,65.790229],[24.173025,65.804185],[24.163097,65.815863],[24.163097,65.822699],[24.14031,65.804511],[24.105154,65.801825],[24.032725,65.809719],[24.039073,65.803656],[24.040863,65.800523],[24.043793,65.798529],[24.053233,65.796047],[24.028819,65.790107],[23.980154,65.794867],[23.957042,65.78913],[23.951427,65.783108],[23.943858,65.766547],[23.936534,65.761217],[23.926443,65.760403],[23.918142,65.76317],[23.91033,65.766913],[23.894542,65.770006],[23.885427,65.773627],[23.877696,65.778998],[23.87436,65.785793],[23.871837,65.794867],[23.865733,65.794867],[23.854666,65.78913],[23.805675,65.789455],[23.781749,65.793036],[23.771495,65.805976],[23.761974,65.822252],[23.739431,65.829291],[23.690196,65.830146],[23.674978,65.825385],[23.649262,65.803046],[23.635509,65.796047],[23.623302,65.79621],[23.616222,65.80093],[23.611664,65.806464],[23.607595,65.809719],[23.528005,65.810004],[23.484141,65.815863],[23.490571,65.829779],[23.483572,65.834377],[23.470063,65.833319],[23.457367,65.830146],[23.458181,65.828437],[23.449962,65.815863],[23.443126,65.81269],[23.436209,65.811347],[23.428966,65.808783],[23.422048,65.802232],[23.433279,65.797797],[23.437836,65.792304],[23.438243,65.78498],[23.43629,65.774888],[23.433442,65.766669],[23.428477,65.765326],[23.418793,65.767239],[23.401866,65.768704],[23.38502,65.775214],[23.374278,65.790432],[23.370453,65.808336],[23.374278,65.822699],[23.352794,65.821357],[23.338064,65.813056],[23.325857,65.802924],[23.312185,65.796047],[23.289724,65.795844],[23.268809,65.803127],[23.230235,65.822699],[23.21339,65.827053],[23.195974,65.826972],[23.183767,65.819648],[23.182384,65.802232],[23.190766,65.789862],[23.20574,65.781317],[23.237641,65.768704],[23.221934,65.763617],[23.158458,65.75023],[23.148204,65.745592],[23.128429,65.733954],[23.129568,65.715033],[23.103038,65.704657],[23.078787,65.707221],[23.086762,65.727729],[23.058116,65.755072],[23.045909,65.761217],[22.989757,65.764309],[22.944021,65.775336],[22.936046,65.778632],[22.914887,65.796047],[22.901052,65.798651],[22.877696,65.794867],[22.860199,65.796047],[22.837169,65.807685],[22.805919,65.848578],[22.785167,65.864325],[22.673025,65.905707],[22.653005,65.908393],[22.634288,65.905219],[22.646983,65.895087],[22.672537,65.881781],[22.68214,65.87108],[22.685313,65.862494],[22.688975,65.836982],[22.693044,65.82392],[22.69752,65.814195],[22.699718,65.803941],[22.696462,65.78913],[22.688731,65.775621],[22.677582,65.764716],[22.663748,65.757514],[22.648123,65.755072],[22.653005,65.778062],[22.62794,65.790351],[22.569835,65.796047],[22.556,65.792141],[22.522716,65.776435],[22.511485,65.774888],[22.505544,65.783596],[22.511567,65.794664],[22.522797,65.804592],[22.531993,65.809719],[22.518403,65.822659],[22.503591,65.831],[22.4699,65.843207],[22.472423,65.846869],[22.477306,65.856879],[22.405528,65.863918],[22.370128,65.861721],[22.367442,65.843207],[22.325938,65.836982],[22.367442,65.809719],[22.364513,65.797797],[22.351248,65.796536],[22.319102,65.802232],[22.330577,65.792914],[22.345551,65.771308],[22.360606,65.761217],[22.32602,65.7355],[22.285492,65.743394],[22.24464,65.76024],[22.209239,65.761217],[22.230235,65.745307],[22.249848,65.735745],[22.273285,65.730536],[22.339529,65.724189],[22.361827,65.716254],[22.376638,65.700263],[22.38795,65.672512],[22.375255,65.673529],[22.362804,65.672919],[22.350841,65.670233],[22.33961,65.665025],[22.329438,65.689276],[22.307872,65.700832],[22.281505,65.701483],[22.257579,65.69302],[22.26531,65.687893],[22.268077,65.68122],[22.265473,65.673529],[22.257579,65.665025],[22.26531,65.659491],[22.272227,65.651028],[22.284923,65.631537],[22.262055,65.625556],[22.18922,65.624091],[22.262706,65.611762],[22.300629,65.611518],[22.319102,65.631537],[22.314138,65.641791],[22.289561,65.655707],[22.284923,65.665025],[22.293142,65.673651],[22.308604,65.669379],[22.324392,65.659573],[22.333344,65.651353],[22.325938,65.645209],[22.380382,65.634019],[22.384532,65.627834],[22.340099,65.61286],[22.333344,65.604193],[22.343598,65.595649],[22.365977,65.588935],[22.404959,65.583157],[22.411388,65.579006],[22.41863,65.569159],[22.428966,65.548977],[22.405284,65.541938],[22.386892,65.550035],[22.369884,65.562812],[22.350108,65.569403],[22.320323,65.571967],[22.298513,65.57689],[22.274913,65.587877],[22.263031,65.589586],[22.250743,65.583157],[22.256602,65.569037],[22.228282,65.572089],[22.126475,65.603746],[22.05128,65.617336],[22.021332,65.634955],[22.006196,65.641791],[21.963878,65.646715],[21.929861,65.663398],[21.867849,65.672512],[21.852794,65.67829],[21.843516,65.683824],[21.822765,65.702948],[21.809581,65.710598],[21.778168,65.719468],[21.764171,65.727729],[21.787771,65.686713],[21.847911,65.660956],[21.970225,65.631537],[22.052745,65.597642],[22.118663,65.583482],[22.132579,65.578192],[22.147716,65.569403],[22.170095,65.553046],[22.18336,65.54857],[22.202973,65.548977],[22.176931,65.539781],[22.12086,65.539496],[22.09311,65.535346],[22.083995,65.531806],[22.082042,65.529202],[22.081228,65.525336],[22.075694,65.51789],[22.065929,65.514309],[22.056814,65.518988],[22.047618,65.52497],[22.038259,65.525092],[22.011241,65.517483],[21.874685,65.536851],[21.853526,65.535346],[21.900238,65.501288],[21.927908,65.489447],[21.950369,65.49494],[21.929861,65.506049],[21.921723,65.508002],[21.947113,65.509426],[22.004568,65.476874],[22.031586,65.467027],[22.024099,65.453192],[22.018891,65.441311],[22.011729,65.432034],[21.997569,65.426093],[21.981212,65.426825],[21.966075,65.433743],[21.942231,65.453355],[21.932302,65.441352],[21.935883,65.431057],[21.942882,65.421536],[21.942231,65.411811],[21.927745,65.40412],[21.906993,65.402777],[21.88852,65.40766],[21.88087,65.418647],[21.850922,65.407538],[21.820974,65.401028],[21.790212,65.400092],[21.705903,65.414496],[21.688324,65.41234],[21.702647,65.398139],[21.656098,65.397162],[21.631114,65.400051],[21.610037,65.418647],[21.586681,65.418199],[21.544444,65.411811],[21.544444,65.405585],[21.58546,65.397528],[21.59962,65.398139],[21.59962,65.391913],[21.527517,65.396796],[21.489106,65.393378],[21.469981,65.377631],[21.476085,65.376451],[21.485037,65.372382],[21.489757,65.370836],[21.448904,65.357164],[21.469737,65.35456],[21.491547,65.348293],[21.511567,65.338609],[21.527354,65.326117],[21.542979,65.31859],[21.565684,65.315863],[21.583995,65.32095],[21.585948,65.336656],[21.604747,65.333726],[21.622325,65.326483],[21.654307,65.308783],[21.687022,65.29682],[21.701671,65.285875],[21.699229,65.271552],[21.668142,65.252753],[21.622813,65.24079],[21.576996,65.238105],[21.544444,65.247301],[21.534434,65.257514],[21.515961,65.283393],[21.503429,65.295722],[21.489594,65.305487],[21.474294,65.314032],[21.456391,65.320136],[21.435557,65.322455],[21.408946,65.333197],[21.378429,65.355048],[21.345551,65.372789],[21.312266,65.370836],[21.317719,65.369534],[21.327322,65.365546],[21.332774,65.364],[21.319509,65.351386],[21.277843,65.350043],[21.264415,65.336656],[21.391368,65.321845],[21.42213,65.308783],[21.48227,65.260972],[21.537608,65.230902],[21.609874,65.16885],[21.618826,65.148017],[21.599864,65.139065],[21.544444,65.137437],[21.55714,65.131171],[21.562836,65.122504],[21.562185,65.112006],[21.543793,65.083075],[21.549327,65.077582],[21.565278,65.075588],[21.585948,65.069159],[21.563162,65.061265],[21.479259,65.062323],[21.467052,65.055487],[21.477387,65.040513],[21.494884,65.026313],[21.503429,65.02143],[21.472341,65.009467],[21.463145,65.007717],[21.452891,65.009345],[21.43336,65.01496],[21.42213,65.014594],[21.42213,65.012763],[21.420258,65.008368],[21.417491,65.003648],[21.414806,65.000922],[21.397634,64.994371],[21.383149,64.986558],[21.379405,64.977362],[21.394216,64.966783],[21.377778,64.960028],[21.256114,64.956732],[21.243419,64.953111],[21.241466,64.94538],[21.247325,64.939521],[21.252208,64.932563],[21.246837,64.92178],[21.238943,64.914537],[21.227875,64.906562],[21.21518,64.900336],[21.202403,64.898505],[21.212576,64.871975],[21.192882,64.861151],[21.172699,64.85342],[21.181326,64.835842],[21.165294,64.82982],[21.13087,64.823472],[21.113048,64.82274],[21.097341,64.827541],[21.091482,64.838365],[21.089529,64.850084],[21.085216,64.857571],[21.069102,64.860745],[21.053559,64.856676],[21.042003,64.846869],[21.037364,64.832709],[21.042328,64.819892],[21.054698,64.814439],[21.085216,64.809149],[21.081065,64.798733],[21.078949,64.794867],[21.097179,64.785305],[21.115001,64.78144],[21.153982,64.781195],[21.21754,64.789252],[21.281261,64.77676],[21.305837,64.768297],[21.312266,64.753852],[21.29949,64.748847],[21.248302,64.7508],[21.229177,64.747707],[21.246267,64.730862],[21.267263,64.717515],[21.312266,64.699286],[21.312266,64.69245],[21.295746,64.692084],[21.288748,64.686835],[21.291352,64.679348],[21.304942,64.671942],[21.304942,64.665717],[21.278656,64.670885],[21.231293,64.693996],[21.205821,64.699286],[21.184825,64.706732],[21.164887,64.721584],[21.143891,64.732978],[21.119884,64.729682],[21.109141,64.716376],[21.111176,64.699368],[21.122732,64.683051],[21.140391,64.671942],[21.168224,64.667873],[21.201671,64.666571],[21.231944,64.661078],[21.250255,64.643988],[21.2317,64.642646],[21.232188,64.633002],[21.245128,64.622016],[21.263845,64.616645],[21.285411,64.616156],[21.295095,64.614325],[21.304942,64.6105],[21.310232,64.605658],[21.318858,64.592678],[21.322276,64.590033],[21.330251,64.586859],[21.343923,64.572699],[21.353282,64.569525],[21.362804,64.572211],[21.365408,64.577623],[21.363536,64.582343],[21.360118,64.582587],[21.366954,64.594794],[21.368337,64.604234],[21.374034,64.607978],[21.394216,64.603013],[21.414806,64.589667],[21.437266,64.571112],[21.455577,64.562486],[21.467296,64.587348],[21.47641,64.58747],[21.485606,64.583441],[21.489757,64.579169],[21.489757,64.555854],[21.501231,64.544176],[21.515147,64.537095],[21.531912,64.534125],[21.551931,64.534735],[21.539399,64.528144],[21.525564,64.522895],[21.510997,64.520941],[21.496593,64.524563],[21.470958,64.544989],[21.463145,64.548407],[21.414561,64.529364],[21.386567,64.521715],[21.374278,64.531399],[21.37143,64.538316],[21.364594,64.541693],[21.356619,64.541571],[21.349864,64.538153],[21.347341,64.531968],[21.353201,64.529527],[21.366954,64.527981],[21.386078,64.510321],[21.399181,64.505194],[21.411632,64.511176],[21.422537,64.514635],[21.463227,64.516995],[21.476085,64.51496],[21.479666,64.510647],[21.487559,64.494086],[21.489757,64.487006],[21.477712,64.471666],[21.479666,64.460842],[21.491954,64.454332],[21.510509,64.452216],[21.519867,64.45539],[21.531016,64.46955],[21.537608,64.472724],[21.558279,64.470404],[21.578624,64.465888],[21.572439,64.48017],[21.585948,64.48017],[21.597667,64.475165],[21.605317,64.465644],[21.606456,64.452216],[21.600108,64.44245],[21.588634,64.441107],[21.575206,64.441107],[21.561778,64.435126],[21.550548,64.428412],[21.525727,64.42178],[21.513927,64.4147],[21.457286,64.371649],[21.416759,64.353095],[21.397634,64.33983],[21.37322,64.33039],[21.351817,64.340074],[21.333507,64.35578],[21.318533,64.364081],[21.322765,64.35517],[21.324229,64.346625],[21.322765,64.338121],[21.318533,64.329332],[21.324962,64.326239],[21.327647,64.322943],[21.329356,64.319241],[21.332774,64.315009],[21.316417,64.312079],[21.287771,64.302314],[21.270681,64.301418],[21.256358,64.305121],[21.250255,64.308661],[21.243907,64.307074],[21.117035,64.221137],[21.113048,64.219428],[21.082693,64.225491],[21.078949,64.226874],[21.070323,64.221747],[21.044688,64.191555],[20.966563,64.1494],[20.948497,64.130072],[20.960785,64.11286],[20.954275,64.094794],[20.914806,64.056952],[20.912364,64.052924],[20.911469,64.047593],[20.907563,64.035102],[20.910004,64.037095],[20.912283,64.033515],[20.913829,64.027899],[20.914399,64.024237],[20.912608,64.021064],[20.908702,64.020453],[20.904307,64.019192],[20.901378,64.014065],[20.899913,63.993964],[20.896983,63.98371],[20.890473,63.979234],[20.878754,63.977118],[20.87086,63.972398],[20.865977,63.967719],[20.863292,63.965562],[20.841482,63.959418],[20.824962,63.944729],[20.805186,63.910956],[20.786469,63.878607],[20.777192,63.869371],[20.72934,63.849555],[20.684744,63.848456],[20.674815,63.842719],[20.669932,63.829088],[20.677908,63.822577],[20.692882,63.82099],[20.708995,63.822211],[20.687511,63.798733],[20.674653,63.789252],[20.664317,63.791205],[20.643077,63.814521],[20.630219,63.820868],[20.612641,63.822211],[20.564952,63.798326],[20.561778,63.785224],[20.553559,63.777045],[20.542654,63.775336],[20.530935,63.781236],[20.540863,63.791693],[20.538748,63.800767],[20.529307,63.808783],[20.50766,63.821031],[20.503429,63.822008],[20.455821,63.772203],[20.43686,63.761176],[20.413585,63.767564],[20.4192,63.759345],[20.418468,63.754218],[20.415294,63.749091],[20.413585,63.740302],[20.420584,63.718451],[20.421072,63.712348],[20.41505,63.701117],[20.40561,63.689846],[20.394298,63.681098],[20.383067,63.677639],[20.364919,63.680732],[20.354747,63.689154],[20.353526,63.701402],[20.362315,63.716051],[20.361664,63.725491],[20.352387,63.738715],[20.338878,63.750149],[20.32545,63.753974],[20.316661,63.740058],[20.318126,63.679023],[20.307953,63.654364],[20.295177,63.652248],[20.279307,63.659247],[20.267589,63.6706],[20.266938,63.681342],[20.275238,63.692694],[20.282563,63.706692],[20.286632,63.720771],[20.284434,63.732856],[20.264903,63.719713],[20.246104,63.698228],[20.236013,63.67357],[20.242849,63.650865],[20.219412,63.653388],[20.153494,63.650865],[20.14324,63.648505],[20.131602,63.644232],[20.119884,63.642483],[20.109141,63.647447],[20.102306,63.657294],[20.098399,63.661566],[20.092052,63.664537],[20.073578,63.666246],[20.053477,63.663398],[20.034516,63.656806],[20.02003,63.647447],[20.011078,63.634101],[20.013438,63.62287],[20.030528,63.602484],[19.952322,63.619289],[19.937755,63.619859],[19.923106,63.612372],[19.886974,63.603095],[19.879731,63.599066],[19.864431,63.573188],[19.828136,63.555569],[19.786306,63.541002],[19.753184,63.524319],[19.750336,63.514228],[19.766856,63.487616],[19.772472,63.464586],[19.768891,63.460761],[19.744802,63.457261],[19.735606,63.452948],[19.722667,63.444892],[19.699474,63.433743],[19.687348,63.431342],[19.639496,63.444892],[19.636485,63.459133],[19.64031,63.469794],[19.637055,63.478339],[19.612966,63.485826],[19.615408,63.489691],[19.617524,63.496568],[19.619151,63.500067],[19.605724,63.504055],[19.578624,63.521186],[19.526378,63.530504],[19.51295,63.537584],[19.492524,63.552802],[19.470225,63.561469],[19.4463,63.560858],[19.420421,63.548529],[19.431488,63.542792],[19.443126,63.538886],[19.468761,63.534247],[19.4546,63.508938],[19.467052,63.500881],[19.493988,63.497382],[19.523448,63.485826],[19.495616,63.476711],[19.481619,63.473822],[19.465099,63.472805],[19.461436,63.46894],[19.471365,63.460395],[19.511729,63.433336],[19.515391,63.426256],[19.516612,63.41474],[19.507986,63.411851],[19.488292,63.417182],[19.4546,63.43122],[19.372569,63.47956],[19.346202,63.485907],[19.345225,63.477607],[19.372569,63.444892],[19.35141,63.440009],[19.33074,63.44831],[19.311209,63.460435],[19.293224,63.466539],[19.280772,63.459418],[19.276134,63.442694],[19.276541,63.40762],[19.275401,63.398017],[19.270681,63.381781],[19.269542,63.37287],[19.269542,63.342475],[19.259288,63.329047],[19.245453,63.322333],[19.233653,63.32567],[19.229259,63.342475],[19.20753,63.326117],[19.156586,63.319037],[19.133067,63.308295],[19.139171,63.305609],[19.153494,63.294013],[19.141856,63.287421],[19.123302,63.264146],[19.11199,63.253079],[19.133067,63.253079],[19.11671,63.23664],[19.097179,63.23786],[19.057384,63.260484],[19.039887,63.238959],[19.056407,63.226508],[19.086925,63.220852],[19.11199,63.21955],[19.104177,63.207831],[19.092784,63.20661],[19.080089,63.207506],[19.067882,63.202135],[19.06129,63.192043],[19.058604,63.183905],[19.052745,63.17886],[19.036794,63.177924],[19.032481,63.182034],[19.004405,63.199612],[18.999034,63.202135],[18.990977,63.208441],[18.970876,63.218329],[18.961762,63.225775],[18.966563,63.238918],[18.955089,63.245836],[18.937511,63.250556],[18.923839,63.256781],[18.906749,63.267076],[18.885997,63.272528],[18.872895,63.269192],[18.879161,63.253079],[18.866059,63.249905],[18.810313,63.260484],[18.769054,63.262152],[18.75115,63.259467],[18.735199,63.253079],[18.755626,63.242743],[18.913341,63.212063],[18.894379,63.197821],[18.862641,63.192043],[18.796641,63.191596],[18.801117,63.181708],[18.803477,63.177924],[18.787283,63.168036],[18.773123,63.168769],[18.760427,63.177558],[18.755626,63.191596],[18.75294,63.207668],[18.774425,63.211859],[18.823904,63.212063],[18.823904,63.21955],[18.729015,63.232001],[18.70045,63.225775],[18.714122,63.219224],[18.7199,63.211005],[18.722504,63.201483],[18.727794,63.191596],[18.750173,63.166083],[18.755626,63.157457],[18.611339,63.1789],[18.564464,63.177924],[18.564464,63.171129],[18.585623,63.170722],[18.608653,63.165351],[18.629161,63.156724],[18.643077,63.146918],[18.651541,63.135891],[18.657074,63.123725],[18.654633,63.113715],[18.639659,63.109687],[18.618907,63.113756],[18.598888,63.121243],[18.578624,63.124498],[18.556977,63.116523],[18.549653,63.107082],[18.545421,63.095771],[18.538422,63.084662],[18.52296,63.075507],[18.556977,63.075507],[18.512706,63.05744],[18.499034,63.05508],[18.492931,63.049628],[18.486583,63.025702],[18.478201,63.02025],[18.467947,63.023668],[18.434093,63.047553],[18.419281,63.053127],[18.403819,63.05565],[18.387869,63.054185],[18.372081,63.047553],[18.404796,63.035468],[18.421886,63.026923],[18.434093,63.014106],[18.368337,63.02025],[18.365489,63.022406],[18.356619,63.033026],[18.351573,63.037055],[18.34311,63.039537],[18.340668,63.036078],[18.340343,63.030585],[18.337901,63.027086],[18.339122,63.02558],[18.324229,63.014106],[18.299815,63.006659],[18.24171,62.999823],[18.266449,62.990302],[18.524425,62.991889],[18.551117,62.985907],[18.570649,62.97309],[18.576671,62.958401],[18.568044,62.953437],[18.554047,62.958401],[18.543956,62.97309],[18.536632,62.97309],[18.528087,62.953803],[18.504893,62.949205],[18.476899,62.953111],[18.418142,62.969306],[18.403331,62.96483],[18.392589,62.945217],[18.439626,62.928168],[18.4546,62.92475],[18.491059,62.93122],[18.510997,62.93244],[18.52296,62.92475],[18.512543,62.90412],[18.472341,62.901679],[18.400076,62.911078],[18.41505,62.897162],[18.46339,62.8876],[18.474457,62.876899],[18.471365,62.867743],[18.462576,62.861151],[18.451345,62.857123],[18.426931,62.854071],[18.417817,62.850165],[18.410004,62.845404],[18.400076,62.841539],[18.377615,62.836737],[18.366384,62.836249],[18.347179,62.839667],[18.331065,62.840074],[18.324229,62.841539],[18.320974,62.844672],[18.318858,62.849311],[18.316905,62.85578],[18.284434,62.876288],[18.268321,62.88349],[18.248546,62.883734],[18.250987,62.879788],[18.255382,62.869452],[18.207042,62.869452],[18.207042,62.863227],[18.218028,62.85932],[18.220225,62.852281],[18.215668,62.843899],[18.207042,62.835354],[18.229259,62.829535],[18.262218,62.848293],[18.282725,62.841539],[18.2588,62.810614],[18.243663,62.799018],[18.224376,62.794379],[18.215099,62.790107],[18.205577,62.781968],[18.195079,62.777411],[18.18336,62.783515],[18.182872,62.789984],[18.188162,62.797756],[18.195567,62.804429],[18.200857,62.80801],[18.18629,62.811672],[18.176931,62.804104],[18.169119,62.791449],[18.15919,62.780097],[18.140473,62.771918],[18.120372,62.770575],[18.077322,62.773871],[18.082042,62.783271],[18.084727,62.786933],[18.06837,62.793891],[18.048839,62.795803],[18.008962,62.794379],[18.034028,62.811469],[18.12143,62.805813],[18.146169,62.822252],[18.104177,62.830959],[18.084321,62.837348],[18.071056,62.848944],[18.073497,62.85106],[18.074474,62.8522],[18.075206,62.853339],[18.077322,62.85578],[18.054698,62.852851],[18.020274,62.841254],[17.988617,62.825914],[17.974864,62.811469],[17.967784,62.807807],[17.951671,62.810981],[17.935313,62.817043],[17.926443,62.822252],[17.924327,62.831122],[17.926443,62.86636],[17.92449,62.86933],[17.91505,62.878323],[17.912771,62.883734],[17.914724,62.888739],[17.924164,62.897284],[17.926443,62.900539],[17.921397,62.915717],[17.909353,62.915758],[17.893728,62.910834],[17.878673,62.911078],[17.872081,62.918443],[17.854503,62.955146],[17.845714,62.963609],[17.83546,62.970282],[17.823497,62.975409],[17.809744,62.979315],[17.816905,62.983832],[17.830821,62.999823],[17.808604,62.998358],[17.777192,62.983344],[17.761974,62.979315],[17.7435,62.983588],[17.726899,62.992418],[17.710785,62.998236],[17.693614,62.993598],[17.817556,62.942328],[17.847667,62.921291],[17.865896,62.901923],[17.889659,62.870185],[17.901866,62.839301],[17.885509,62.822252],[17.885509,62.814846],[17.929047,62.800523],[17.940684,62.794379],[17.952891,62.785956],[17.956798,62.782538],[17.954926,62.763332],[17.962413,62.752143],[17.995372,62.727729],[18.002696,62.70897],[18.000173,62.697821],[17.990896,62.680813],[17.991954,62.674547],[17.997325,62.664862],[17.993419,62.659898],[17.984386,62.657904],[17.974864,62.657172],[17.967784,62.659125],[17.944835,62.668647],[17.933604,62.670844],[17.871837,62.670844],[17.891612,62.658026],[18.043224,62.626166],[18.044119,62.61518],[18.047699,62.606635],[18.05421,62.600287],[18.06422,62.595771],[18.042491,62.592108],[17.968272,62.560492],[17.962169,62.563625],[17.960704,62.575995],[17.95281,62.605699],[17.95338,62.611762],[17.950369,62.614814],[17.937022,62.615627],[17.930675,62.612372],[17.925792,62.604722],[17.914887,62.573228],[17.913341,62.564927],[17.912771,62.557563],[17.909353,62.549384],[17.900645,62.545722],[17.878673,62.541083],[17.892833,62.527493],[17.861664,62.5008],[17.84311,62.489691],[17.823497,62.485826],[17.812511,62.489447],[17.795421,62.502834],[17.786143,62.505764],[17.73463,62.505764],[17.693044,62.497748],[17.671235,62.489447],[17.658946,62.47842],[17.659679,62.461371],[17.676036,62.455308],[17.696056,62.450588],[17.707367,62.437445],[17.576345,62.440334],[17.561778,62.443752],[17.549978,62.44831],[17.531505,62.462714],[17.526134,62.464789],[17.481456,62.505764],[17.437999,62.53677],[17.426768,62.541083],[17.406098,62.53559],[17.395518,62.511298],[17.378673,62.505764],[17.358572,62.503974],[17.341482,62.498114],[17.330821,62.487738],[17.330577,62.472235],[17.375011,62.437445],[17.377452,62.433905],[17.379242,62.425767],[17.379731,62.416815],[17.378429,62.410793],[17.370942,62.406236],[17.359386,62.403957],[17.347016,62.403306],[17.337413,62.403957],[17.348888,62.398017],[17.360525,62.389594],[17.366466,62.378892],[17.361176,62.366116],[17.360037,62.355658],[17.368012,62.343085],[17.380626,62.332668],[17.392751,62.328274],[17.424001,62.331732],[17.437836,62.330268],[17.454112,62.321438],[17.461925,62.312567],[17.468761,62.301947],[17.476817,62.292304],[17.488292,62.286607],[17.488292,62.280463],[17.478852,62.280748],[17.472667,62.27912],[17.460216,62.273017],[17.54656,62.249091],[17.566661,62.253892],[17.599376,62.249579],[17.632091,62.240668],[17.65268,62.232001],[17.569509,62.204739],[17.544444,62.201606],[17.541759,62.206366],[17.569509,62.232001],[17.552989,62.23725],[17.534923,62.235012],[17.519054,62.227932],[17.508637,62.218411],[17.504161,62.203681],[17.505382,62.187445],[17.508067,62.173082],[17.508637,62.163764],[17.501638,62.150621],[17.498546,62.147569],[17.481619,62.130439],[17.474457,62.116604],[17.472423,62.096829],[17.473155,62.084662],[17.467621,62.076361],[17.447276,62.068183],[17.469005,62.062161],[17.459239,62.048651],[17.426117,62.026557],[17.437836,62.021552],[17.452647,62.012274],[17.46046,62.003323],[17.450694,61.999254],[17.402843,61.995592],[17.3921,61.992418],[17.386485,61.982082],[17.388682,61.970852],[17.385997,61.961982],[17.364594,61.958319],[17.354747,61.955308],[17.348155,61.947577],[17.344574,61.936672],[17.344249,61.92414],[17.348155,61.911566],[17.361827,61.893948],[17.364594,61.886298],[17.361501,61.879706],[17.347341,61.874498],[17.344249,61.869574],[17.343516,61.871283],[17.342621,61.863756],[17.342621,61.855658],[17.344249,61.855862],[17.346934,61.855129],[17.351817,61.852525],[17.35377,61.847317],[17.347667,61.838528],[17.342621,61.83393],[17.338634,61.829006],[17.337413,61.823676],[17.340831,61.818061],[17.353689,61.814032],[17.40561,61.821112],[17.400727,61.811591],[17.392914,61.805243],[17.383067,61.801703],[17.371593,61.800605],[17.371593,61.793158],[17.388357,61.788316],[17.390636,61.777086],[17.387055,61.762152],[17.385916,61.746039],[17.391124,61.727729],[17.399181,61.722357],[17.448253,61.728502],[17.465587,61.733547],[17.483084,61.734565],[17.501964,61.725531],[17.514171,61.713813],[17.520274,61.702379],[17.52003,61.69123],[17.512055,61.680243],[17.505626,61.66706],[17.502452,61.649848],[17.496349,61.635077],[17.481456,61.62873],[17.461599,61.629625],[17.446137,61.63288],[17.432872,61.63939],[17.419932,61.649848],[17.383311,61.692694],[17.362315,61.709133],[17.330577,61.718085],[17.332286,61.705024],[17.337413,61.695136],[17.350922,61.677151],[17.313162,61.681952],[17.299815,61.689927],[17.303233,61.705064],[17.266612,61.721625],[17.224294,61.72724],[17.138031,61.725531],[17.150401,61.714301],[17.165701,61.710395],[17.199962,61.711249],[17.268565,61.690823],[17.259776,61.67414],[17.228689,61.663072],[17.191905,61.657416],[17.166189,61.656684],[17.166189,61.649848],[17.173839,61.648871],[17.19337,61.64232],[17.164806,61.63642],[17.118907,61.645819],[17.097179,61.636135],[17.225597,61.622016],[17.247895,61.608832],[17.225922,61.602851],[17.208507,61.60456],[17.172374,61.615668],[17.150727,61.617906],[17.083507,61.615668],[17.083507,61.608832],[17.119151,61.609687],[17.134939,61.605943],[17.145681,61.595201],[17.102875,61.585028],[17.056326,61.58218],[17.082367,61.571275],[17.186534,61.561021],[17.186534,61.554185],[17.090343,61.556057],[17.080089,61.550482],[17.089041,61.545356],[17.111583,61.541449],[17.130138,61.532701],[17.155528,61.529527],[17.166189,61.526923],[17.166189,61.519477],[17.124522,61.519477],[17.124522,61.513251],[17.163748,61.504055],[17.172374,61.498969],[17.177013,61.486884],[17.17156,61.480414],[17.161306,61.474595],[17.151866,61.46483],[17.157481,61.456285],[17.161469,61.447984],[17.169281,61.441107],[17.179698,61.436957],[17.192556,61.436998],[17.198741,61.442084],[17.204112,61.448228],[17.213552,61.451158],[17.220388,61.447984],[17.221446,61.440985],[17.217052,61.433905],[17.207042,61.430732],[17.195486,61.429877],[17.184581,61.427314],[17.174815,61.422838],[17.166189,61.416409],[17.158702,61.42414],[17.147227,61.433539],[17.136567,61.437079],[17.127615,61.41828],[17.108409,61.409369],[17.104015,61.399359],[17.109141,61.393622],[17.138031,61.369289],[17.167003,61.35578],[17.200206,61.348131],[17.201834,61.337104],[17.276052,61.314032],[17.246104,61.310289],[17.213715,61.313422],[17.151866,61.328315],[17.16627,61.308417],[17.193126,61.299262],[17.223399,61.294379],[17.247895,61.287299],[17.205089,61.28852],[17.187266,61.291205],[17.135102,61.316107],[17.118419,61.319648],[17.097179,61.320868],[17.097179,61.314032],[17.121349,61.308173],[17.151541,61.293891],[17.180349,61.276028],[17.200206,61.259426],[17.212738,61.235297],[17.197113,61.226304],[17.170909,61.220038],[17.151866,61.204169],[17.186534,61.191107],[17.181651,61.165961],[17.174327,61.15766],[17.158702,61.149563],[17.178966,61.135972],[17.182791,61.123236],[17.171397,61.115058],[17.145681,61.114732],[17.156749,61.111762],[17.183849,61.111558],[17.19337,61.108588],[17.19809,61.102688],[17.19988,61.095893],[17.19752,61.090399],[17.189952,61.08808],[17.181163,61.083686],[17.173839,61.072903],[17.168712,61.059312],[17.166189,61.046536],[17.169688,61.042467],[17.177257,61.037177],[17.186534,61.032864],[17.165538,61.022284],[17.158702,61.019843],[17.211436,61.023871],[17.23585,61.022284],[17.247895,61.012356],[17.188243,61.004584],[17.167735,60.992174],[17.158702,60.964545],[17.157481,60.952379],[17.158214,60.948432],[17.179698,60.937242],[17.197439,60.936225],[17.205089,60.933905],[17.202403,60.921536],[17.205089,60.9147],[17.213878,60.902533],[17.216807,60.899359],[17.232921,60.904608],[17.24171,60.902533],[17.246267,60.898017],[17.282237,60.84101],[17.274099,60.839748],[17.265147,60.836982],[17.258067,60.83275],[17.255544,60.827379],[17.259288,60.81566],[17.266612,60.815172],[17.275076,60.817206],[17.282237,60.813137],[17.284841,60.799994],[17.282237,60.78974],[17.283051,60.781155],[17.296397,60.772773],[17.31544,60.769721],[17.330821,60.770331],[17.335704,60.766913],[17.323741,60.752346],[17.311534,60.745266],[17.279145,60.736274],[17.252208,60.720038],[17.214692,60.706244],[17.191173,60.701728],[17.18629,60.697089],[17.186697,60.692369],[17.19337,60.690172],[17.205251,60.691352],[17.22755,60.696479],[17.238048,60.697699],[17.257986,60.694403],[17.278005,60.679877],[17.310232,60.673041],[17.364594,60.649237],[17.323741,60.635647],[17.323741,60.62873],[17.339529,60.622992],[17.359874,60.621487],[17.376638,60.623887],[17.380219,60.624416],[17.395763,60.632229],[17.413829,60.637926],[17.54713,60.649156],[17.574962,60.647895],[17.594086,60.63935],[17.608409,60.630439],[17.645518,60.618598],[17.658946,60.608303],[17.646739,60.599555],[17.611095,60.588528],[17.60377,60.584133],[17.606944,60.569525],[17.62143,60.547065],[17.624766,60.536322],[17.638194,60.515448],[17.670584,60.504096],[17.741466,60.49844],[17.741466,60.505845],[17.727061,60.534735],[17.762218,60.5633],[17.816091,60.585273],[17.91863,60.600165],[17.948741,60.599189],[17.974864,60.587836],[17.995372,60.553046],[17.9935,60.54092],[17.987641,60.530748],[17.978689,60.523342],[17.967459,60.518948],[17.967459,60.512112],[17.993419,60.510932],[18.018321,60.502265],[18.06422,60.477973],[18.098399,60.464911],[18.10255,60.45893],[18.108735,60.442532],[18.11199,60.436957],[18.143321,60.41356],[18.178722,60.398912],[18.262218,60.382392],[18.245372,60.376899],[18.2199,60.363674],[18.207042,60.355048],[18.207042,60.347602],[18.221202,60.339057],[18.227875,60.333808],[18.234874,60.327094],[18.250662,60.334052],[18.277517,60.349351],[18.296397,60.355048],[18.313487,60.35692],[18.326345,60.355536],[18.358409,60.347602],[18.427989,60.348782],[18.447765,60.341376],[18.446625,60.338365],[18.445811,60.330227],[18.445974,60.320705],[18.447765,60.313463],[18.451996,60.310248],[18.474457,60.299791],[18.474457,60.292955],[18.462087,60.291246],[18.44988,60.292426],[18.437999,60.29206],[18.426768,60.2862],[18.56544,60.259345],[18.604828,60.238349],[18.563731,60.227607],[18.400564,60.259589],[18.369151,60.278998],[18.316905,60.32095],[18.330903,60.285712],[18.369884,60.258612],[18.41505,60.235093],[18.447765,60.211086],[18.430675,60.210354],[18.417247,60.215766],[18.392589,60.232164],[18.399669,60.207831],[18.419932,60.193508],[18.468272,60.176337],[18.492931,60.160793],[18.506114,60.155748],[18.52296,60.155829],[18.534923,60.158881],[18.544119,60.164252],[18.548025,60.172309],[18.548513,60.17414],[18.548106,60.143866],[18.550141,60.129096],[18.554535,60.121405],[18.573416,60.088202],[18.578136,60.07392],[18.584321,60.07392],[18.589854,60.088853],[18.590831,60.108303],[18.587169,60.127509],[18.578136,60.142157],[18.599376,60.148261],[18.625743,60.150824],[18.651378,60.148261],[18.68572,60.130805],[18.720714,60.126044],[18.735199,60.114814],[18.740001,60.098619],[18.738292,60.064114],[18.745128,60.049709],[18.788829,60.017564],[18.796641,60.00495],[18.781505,60.030829],[18.762543,60.055976],[18.753103,60.08218],[18.76588,60.11107],[18.803477,60.121649],[18.816905,60.11758],[18.820486,60.113674],[18.817638,60.097805],[18.819591,60.081],[18.824474,60.068305],[18.864495409197563,60.0],[17.0,60.0],[17.0,66.5],[25.5,66.5]]],[[[22.843516,60.241767],[22.865733,60.265326],[22.890961,60.285549],[22.920746,60.296698],[22.956391,60.292955],[22.949474,60.270453],[22.930431,60.257229],[22.906423,60.247463],[22.884532,60.235297],[22.877452,60.225653],[22.873057,60.215522],[22.866873,60.207465],[22.839854,60.201117],[22.833507,60.193061],[22.833995,60.182074],[22.840343,60.170111],[22.833507,60.169257],[22.828868,60.167141],[22.824555,60.164618],[22.819347,60.162665],[22.825043,60.161444],[22.840343,60.155829],[22.835704,60.145941],[22.833018,60.142157],[22.846853,60.111029],[22.813162,60.082099],[22.730479,60.046576],[22.730479,60.03974],[22.739757,60.040107],[22.745779,60.038479],[22.757986,60.032294],[22.74822,60.02619],[22.735118,60.008612],[22.729828,60.00495],[22.705414,60.006903],[22.694835,60.005113],[22.686304373767907,60.0],[22.68042191712325,60.0],[22.6692,60.016303],[22.654959,60.032294],[22.646251,60.021918],[22.613943,60.001654],[22.608409,60.000149],[22.608300137051042,60.0],[22.60143354612006,60.0],[22.598969,60.008043],[22.591482,60.010932],[22.579112,60.00495],[22.57488,60.017035],[22.580821,60.024604],[22.58961,60.032782],[22.593435,60.046576],[22.581554,60.038642],[22.546235,60.020819],[22.529959,60.008246],[22.486339,60.001858],[22.479323919154805,60.0],[22.46986890016817,60.0],[22.469574,60.023668],[22.47169,60.035631],[22.477306,60.046576],[22.471446,60.058987],[22.473399,60.071234],[22.476329,60.082221],[22.473643,60.090969],[22.461762,60.097561],[22.434825,60.105129],[22.42213,60.114814],[22.443044,60.11872],[22.480479,60.13231],[22.500824,60.135321],[22.600271,60.135321],[22.600271,60.142157],[22.415212,60.149604],[22.426117,60.171332],[22.43393,60.199408],[22.44809,60.221381],[22.477306,60.224677],[22.455903,60.200019],[22.45102,60.188544],[22.466482,60.183743],[22.56658,60.193305],[22.602061,60.206366],[22.620616,60.211086],[22.814952,60.226996],[22.843516,60.241767]]]]}},{"type":"Feature","properties":{},"geometry":{"type":"MultiPolygon","coordinates":[[[[18.550141,60.327094],[18.554698,60.324774],[18.561534,60.32331],[18.567882,60.321275],[18.570649,60.317206],[18.566905,60.30744],[18.558116,60.307196],[18.514334,60.32095],[18.458832,60.353827],[18.402192,60.369818],[18.389171,60.391018],[18.384939,60.417914],[18.388927,60.467515],[18.388031,60.478909],[18.375173,60.500393],[18.378754,60.507799],[18.390147,60.510077],[18.406261,60.505845],[18.410981,60.500718],[18.422374,60.490912],[18.426768,60.485419],[18.426768,60.481757],[18.424815,60.476793],[18.424001,60.471096],[18.426768,60.464911],[18.43922,60.455552],[18.466075,60.442694],[18.474457,60.430813],[18.457856,60.432074],[18.434581,60.442084],[18.419932,60.443793],[18.429698,60.429918],[18.474457,60.382392],[18.48463,60.3664],[18.494314,60.356594],[18.507823,60.356024],[18.529796,60.368109],[18.5324,60.353909],[18.536794,60.344428],[18.550141,60.327094]]]]}},{"type":"Feature","properties":{},"geometry":{"type":"MultiPolygon","coordinates":[[[[22.209239,60.20425],[22.222423,60.223863],[22.24586,60.243069],[22.271658,60.252997],[22.291759,60.245185],[22.296886,60.221259],[22.269298,60.195868],[22.23227,60.184963],[22.209239,60.20425]]],[[[22.106781,60.313463],[22.132009,60.31566],[22.249766,60.311469],[22.3213,60.297065],[22.33961,60.2862],[22.337169,60.274482],[22.331798,60.269436],[22.312836,60.265692],[22.305186,60.26675],[22.297699,60.270738],[22.289806,60.273139],[22.281505,60.26911],[22.277599,60.266303],[22.265391,60.260077],[22.260997,60.258857],[22.215505,60.253119],[22.200857,60.25434],[22.216645,60.265692],[22.203949,60.276313],[22.181163,60.281317],[22.156993,60.281724],[22.14088,60.278713],[22.181895,60.278713],[22.163341,60.259223],[22.136892,60.262397],[22.10963,60.271308],[22.089366,60.26911],[22.080089,60.269477],[22.076671,60.283515],[22.083832,60.301459],[22.106781,60.313463]]],[[[22.38795,60.32095],[22.369884,60.314521],[22.350597,60.313666],[22.312836,60.32095],[22.329356,60.337348],[22.350271,60.347846],[22.373709,60.35342],[22.398204,60.355048],[22.401866,60.353095],[22.401703,60.348619],[22.400645,60.34398],[22.401622,60.341376],[22.428966,60.33393],[22.443858,60.333238],[22.45753,60.334133],[22.469005,60.331529],[22.477306,60.32095],[22.454438,60.308905],[22.425304,60.299058],[22.394786,60.293158],[22.367442,60.292955],[22.374522,60.299221],[22.379893,60.306098],[22.38795,60.32095]]],[[[21.319102,60.481676],[21.300141,60.487738],[21.265961,60.490058],[21.250255,60.49844],[21.26059,60.519721],[21.25294,60.531399],[21.238455,60.541938],[21.229177,60.559882],[21.250255,60.559882],[21.278494,60.542304],[21.304942,60.518948],[21.307628,60.509589],[21.32488,60.482082],[21.319102,60.481676]]],[[[21.394216,60.559882],[21.410981,60.542914],[21.461925,60.539374],[21.48227,60.525784],[21.477794,60.525214],[21.474783,60.524075],[21.470714,60.523749],[21.463145,60.525784],[21.458507,60.516099],[21.456309,60.506781],[21.45753,60.498521],[21.463145,60.492255],[21.446462,60.493354],[21.433604,60.489081],[21.430675,60.481147],[21.442638,60.471137],[21.417654,60.477688],[21.392263,60.489976],[21.371267,60.508368],[21.360118,60.533189],[21.346934,60.522895],[21.336111,60.519436],[21.328624,60.525336],[21.325938,60.543158],[21.333832,60.557359],[21.35255,60.561835],[21.394216,60.559882]]],[[[21.298676,60.567328],[21.281016,60.566352],[21.273285,60.572821],[21.269786,60.581692],[21.264415,60.587836],[21.244395,60.590806],[21.233165,60.593899],[21.222911,60.601467],[21.213878,60.61636],[21.219086,60.622626],[21.243419,60.62873],[21.249197,60.635688],[21.253266,60.6435],[21.259288,60.647528],[21.270681,60.643052],[21.271495,60.634467],[21.274913,60.626776],[21.281261,60.620307],[21.291189,60.615139],[21.283376,60.600898],[21.278331,60.586127],[21.281505,60.575629],[21.298676,60.574164],[21.298676,60.567328]]],[[[21.42213,63.246812],[21.415212,63.233466],[21.414806,63.220445],[21.419607,63.208686],[21.428396,63.198432],[21.404552,63.192532],[21.377452,63.190131],[21.363943,63.193671],[21.380544,63.205878],[21.362804,63.206244],[21.291189,63.177924],[21.291189,63.171129],[21.298188,63.170233],[21.318533,63.164944],[21.301524,63.156155],[21.283458,63.151923],[21.243419,63.150702],[21.23113,63.158393],[21.219249,63.169623],[21.207367,63.183336],[21.188813,63.191596],[21.175792,63.1883],[21.161632,63.181952],[21.147227,63.182196],[21.133556,63.198432],[21.154552,63.198432],[21.154552,63.205878],[21.141612,63.210679],[21.113129,63.227484],[21.102794,63.235989],[21.096528,63.24551],[21.081798,63.277289],[21.078949,63.287787],[21.120291,63.271959],[21.159434,63.273749],[21.199474,63.280707],[21.243419,63.280992],[21.243419,63.274807],[21.227224,63.271633],[21.21518,63.263861],[21.195079,63.239407],[21.197927,63.231594],[21.199474,63.230292],[21.198904,63.23017],[21.195079,63.225775],[21.209483,63.221381],[21.264415,63.21955],[21.272227,63.217108],[21.27947,63.21308],[21.286794,63.211371],[21.294932,63.215806],[21.297862,63.223049],[21.294607,63.228909],[21.290375,63.234198],[21.291189,63.239407],[21.315766,63.251939],[21.355968,63.260728],[21.396332,63.260688],[21.42213,63.246812]]],[[[24.993437,65.055104],[25.033586,65.057512],[25.061818,65.04348],[25.028009,65.034619],[24.962218,65.034779],[24.877376,65.045255],[24.819657,65.04328],[24.801552,65.024266],[24.722367,65.003467],[24.750775,64.975966],[24.812388,64.979194],[24.827322,64.972968],[24.816091,64.968085],[24.804698,64.967231],[24.792817,64.967719],[24.780121,64.966783],[24.771251,64.963853],[24.761078,64.956448],[24.752126,64.953111],[24.734711,64.950914],[24.713145,64.951728],[24.700694,64.958157],[24.710623,64.972968],[24.706065,64.976508],[24.69752,64.98664],[24.68393,64.996568],[24.658376,64.971991],[24.631602,64.967841],[24.597367,64.992518],[24.579009,65.009536],[24.5699,65.022915],[24.562755,65.037177],[24.585785,65.049384],[24.65419,65.080221],[24.740888,65.083272],[24.834506,65.0948],[24.883096,65.086904],[24.896983,65.072415],[24.873013,65.065834],[24.882842,65.059139],[24.906522,65.060482],[24.936267,65.059142],[24.993437,65.055104]]],[[[22.88738,60.067776],[22.917735,60.068671],[22.926606,60.065375],[22.919607,60.058336],[22.91684,60.049221],[22.910981,60.041571],[22.906586,60.038398],[22.900727,60.037543],[22.893403,60.033149],[22.884044,60.019355],[22.880056,60.011054],[22.872244,60.006049],[22.859548,60.01142],[22.851085,60.027899],[22.855724,60.041327],[22.883311,60.043118],[22.8838,60.048082],[22.875173,60.0515],[22.86199,60.051907],[22.855154,60.055569],[22.863292,60.062567],[22.88738,60.067776]]],[[[22.313162,60.191962],[22.375011,60.204047],[22.38559,60.195258],[22.367931,60.177395],[22.344249,60.16885],[22.319998,60.164049],[22.319102,60.160102],[22.333263,60.154039],[22.336925,60.148505],[22.323741,60.146877],[22.298676,60.146877],[22.288341,60.149848],[22.292166,60.152045],[22.292247,60.156317],[22.290782,60.164618],[22.293712,60.170356],[22.298188,60.172553],[22.299083,60.17593],[22.299327,60.182196],[22.304535,60.188788],[22.313162,60.191962]]],[[[22.299653,60.36758],[22.289561,60.357978],[22.202159,60.343207],[22.191091,60.341742],[22.170177,60.344184],[22.157237,60.351874],[22.157074,60.358303],[22.164236,60.36164],[22.255707,60.374172],[22.284923,60.374986],[22.299653,60.36758]]],[[[22.206228,60.382554],[22.20753,60.375556],[22.112478,60.352932],[22.104259,60.354153],[22.122081,60.371649],[22.137869,60.379096],[22.146821,60.380439],[22.206228,60.382554]]]]}},{"type":"Feature","properties":{},"geometry":{"type":"MultiPolygon","coordinates":[[[[22.408376,60.052802],[22.401866,60.075751],[22.411794,60.085191],[22.430431,60.081855],[22.449474,60.066474],[22.449718,60.029527],[22.448009,60.012356],[22.443540640452465,60.0],[22.433100456431536,60.0],[22.425629,60.006903],[22.409516,60.009345],[22.394542,60.005032],[22.391406750094518,60.0],[22.375756540081916,60.0],[22.37143,60.004543],[22.359711,60.020901],[22.353201,60.032294],[22.349457,60.047512],[22.348888,60.063218],[22.354828,60.075629],[22.370616,60.080756],[22.38266,60.07453],[22.383474,60.061835],[22.387218,60.051663],[22.408376,60.052802]]],[[[20.277599,60.142157],[20.297618,60.121527],[20.285167,60.103583],[20.268891,60.086005],[20.277599,60.066474],[20.266287,60.060492],[20.259044,60.062567],[20.252289,60.068345],[20.242849,60.07392],[20.208995,60.083319],[20.201915,60.087551],[20.198253,60.104071],[20.204926,60.120347],[20.215343,60.135688],[20.222423,60.149604],[20.24464,60.119696],[20.258067,60.107978],[20.263927,60.118232],[20.253266,60.138577],[20.255707,60.145413],[20.277599,60.142157]]],[[[21.353282,60.211086],[21.368907,60.196601],[21.394379,60.190863],[21.448904,60.190619],[21.448904,60.183743],[21.409353,60.184516],[21.394216,60.178656],[21.38738,60.162665],[21.380544,60.162665],[21.372244,60.170356],[21.357107,60.174465],[21.325694,60.176337],[21.310557,60.179389],[21.300792,60.185736],[21.289724,60.190863],[21.270681,60.190619],[21.285167,60.203843],[21.306407,60.209703],[21.353282,60.211086]]],[[[22.05893,60.211086],[22.072032,60.196763],[22.011241,60.170111],[22.017426,60.167304],[22.031505,60.158515],[22.037852,60.155829],[22.009288,60.137274],[21.977712,60.135484],[21.950694,60.149075],[21.935395,60.176337],[21.950206,60.181383],[21.997569,60.190619],[22.026541,60.205756],[22.041759,60.211412],[22.05893,60.211086]]],[[[20.427908,60.265692],[20.434825,60.262397],[20.438975,60.258205],[20.440766,60.252631],[20.441417,60.245185],[20.392914,60.196763],[20.38087,60.198879],[20.38087,60.204047],[20.385509,60.210761],[20.386241,60.217231],[20.387706,60.221869],[20.387543,60.232978],[20.38266,60.240709],[20.353038,60.228827],[20.345388,60.237698],[20.347016,60.252875],[20.358897,60.265692],[20.379649,60.26968],[20.410981,60.259508],[20.427908,60.265692]]],[[[20.818858,60.232164],[20.790538,60.238715],[20.781098,60.263658],[20.787283,60.286322],[20.805186,60.2862],[20.815278,60.280992],[20.845958,60.270331],[20.853038,60.265692],[20.850597,60.253607],[20.838878,60.246812],[20.823985,60.244452],[20.811371,60.245185],[20.818858,60.232164]]],[[[21.725922,60.481676],[21.715099,60.470893],[21.700694,60.459703],[21.687999,60.455308],[21.681651,60.464911],[21.690929,60.484076],[21.714203,60.508612],[21.741873,60.526435],[21.764171,60.525784],[21.760509,60.51203],[21.750824,60.501654],[21.725922,60.481676]]],[[[21.264415,60.882025],[21.2317,60.882025],[21.216563,60.884101],[21.202403,60.889472],[21.227794,60.899726],[21.276622,60.889106],[21.298676,60.895697],[21.295258,60.899644],[21.293793,60.902981],[21.292817,60.906155],[21.291189,60.90998],[21.297374,60.912299],[21.306407,60.919338],[21.312266,60.923],[21.283214,60.942816],[21.264822,60.949612],[21.243419,60.950873],[21.27003,60.967963],[21.285004,60.971991],[21.304942,60.971381],[21.321951,60.956244],[21.337087,60.946723],[21.374278,60.930406],[21.354747,60.919867],[21.338552,60.916693],[21.327891,60.910142],[21.325938,60.889472],[21.318126,60.880194],[21.297374,60.879136],[21.275238,60.883287],[21.264415,60.882025]]],[[[21.318533,63.287787],[21.315278,63.304023],[21.305919,63.305894],[21.292654,63.302191],[21.277517,63.301459],[21.229177,63.328803],[21.23406,63.332831],[21.23878,63.334377],[21.250255,63.335028],[21.276622,63.340766],[21.311046,63.355618],[21.345958,63.363756],[21.374278,63.34927],[21.373871,63.333401],[21.358246,63.31566],[21.318533,63.287787]]],[[[20.839203,63.767564],[20.864919,63.79682],[20.904633,63.793524],[20.920421,63.773749],[20.873546,63.753974],[20.88087,63.760728],[20.87322,63.770697],[20.863455,63.773505],[20.851899,63.771674],[20.839203,63.767564]]],[[[22.95753,60.110785],[22.961681,60.104397],[22.963145,60.096869],[22.957286,60.088853],[22.946788,60.084703],[22.93686,60.083889],[22.931977,60.085883],[22.933279,60.089748],[22.927908,60.089911],[22.91505,60.084703],[22.898936,60.081],[22.870372,60.081529],[22.861583,60.081041],[22.84547,60.082221],[22.845063,60.085761],[22.856619,60.09162],[22.864024,60.100816],[22.873302,60.109849],[22.879731,60.113674],[22.891612,60.119086],[22.917003,60.125067],[22.937673,60.124335],[22.950043,60.118638],[22.95753,60.110785]]],[[[21.991547,60.12995],[21.999766,60.128485],[22.01238,60.122748],[22.007335,60.115465],[21.987641,60.112047],[21.971365,60.111396],[21.943858,60.113471],[21.939301,60.116278],[21.929942,60.124579],[21.93572,60.131293],[21.950531,60.135728],[21.962087,60.137885],[21.977224,60.130764],[21.991547,60.12995]]],[[[20.68336,60.13052],[20.686534,60.126532],[20.688243,60.117011],[20.681977,60.110175],[20.67156,60.109198],[20.655772,60.115912],[20.638682,60.131334],[20.635509,60.143948],[20.644054,60.149359],[20.653575,60.151353],[20.659923,60.149726],[20.66863,60.145006],[20.679454,60.136298],[20.68336,60.13052]]],[[[18.723969,60.196601],[18.72877,60.196723],[18.72877,60.200426],[18.71225,60.212144],[18.718516,60.216457],[18.738292,60.214504],[18.753103,60.209174],[18.761404,60.203192],[18.765798,60.19599],[18.772634,60.191962],[18.7824,60.189887],[18.788259,60.184149],[18.788097,60.178046],[18.783865,60.17593],[18.784434,60.175116],[18.790294,60.176174],[18.795584,60.178209],[18.800304,60.176418],[18.806163,60.168036],[18.806895,60.16059],[18.781993,60.15351],[18.760997,60.150051],[18.736339,60.152899],[18.724376,60.155463],[18.720388,60.1612],[18.714203,60.173407],[18.713064,60.182563],[18.71461,60.18773],[18.718272,60.194159],[18.723969,60.196601]]],[[[20.683767,60.229397],[20.705903,60.218248],[20.716319,60.209296],[20.707693,60.199652],[20.686778,60.194566],[20.670665,60.199205],[20.664073,60.205024],[20.663422,60.216376],[20.668468,60.226711],[20.683767,60.229397]]],[[[21.983165,60.28498],[21.976817,60.284573],[21.972911,60.285346],[21.979015,60.289252],[21.996349,60.296129],[22.008311,60.297309],[22.006033,60.292141],[21.995779,60.287299],[21.983165,60.28498]]],[[[21.956879,60.281399],[21.944591,60.277086],[21.925955,60.277289],[21.909679,60.280097],[21.896007,60.2897],[21.884939,60.289496],[21.875336,60.304877],[21.879731,60.310533],[21.895193,60.310614],[21.908539,60.309394],[21.925466,60.312649],[21.959809,60.312161],[21.973806,60.309312],[21.975352,60.302558],[21.956879,60.281399]]],[[[20.777354,60.326483],[20.740001,60.312405],[20.732677,60.314358],[20.731456,60.32099],[20.731781,60.324408],[20.732677,60.33275],[20.735362,60.337795],[20.7435,60.348456],[20.746918,60.351874],[20.750662,60.354885],[20.754893,60.360745],[20.757172,60.366116],[20.764334,60.367865],[20.776134,60.3664],[20.787364,60.361965],[20.792003,60.352769],[20.789399,60.342719],[20.78533,60.333564],[20.777354,60.326483]]],[[[21.338064,60.383368],[21.352306,60.370429],[21.357107,60.35814],[21.355317,60.351793],[21.352794,60.35163],[21.345714,60.353827],[21.33839,60.353095],[21.333669,60.356024],[21.333995,60.362982],[21.331065,60.36518],[21.323741,60.366685],[21.303884,60.364244],[21.294444,60.37051],[21.296153,60.37759],[21.302989,60.383694],[21.307791,60.389594],[21.319835,60.391506],[21.338064,60.383368]]],[[[18.124685,62.687934],[18.078949,62.679755],[18.027029,62.684516],[18.006114,62.705552],[18.015798,62.722317],[18.024913,62.734605],[18.028331,62.745185],[18.041026,62.754543],[18.064301,62.75788],[18.082042,62.754381],[18.092784,62.748196],[18.103201,62.745185],[18.128103,62.751654],[18.149425,62.749823],[18.159841,62.747138],[18.161143,62.739203],[18.157237,62.725409],[18.148448,62.715522],[18.146983,62.70954],[18.143077,62.706366],[18.131114,62.707465],[18.119965,62.706488],[18.117035,62.701728],[18.124522,62.698961],[18.130056,62.693508],[18.124685,62.687934]]],[[[22.026215,63.322211],[22.033458,63.322089],[22.060802,63.302151],[22.058116,63.294867],[22.046641,63.282172],[22.029796,63.277411],[22.013845,63.277737],[22.007091,63.281073],[22.008149,63.288235],[22.004568,63.291164],[21.997813,63.289008],[21.995616,63.284735],[21.99464,63.280097],[21.989919,63.277574],[21.984386,63.277167],[21.978282,63.280015],[21.974376,63.286811],[21.977712,63.298651],[21.989024,63.31037],[22.002289,63.313422],[22.021821,63.307196],[22.029959,63.308417],[22.026215,63.313422],[22.011974,63.320299],[22.007579,63.324897],[22.012706,63.326117],[22.018565,63.326239],[22.022227,63.323432],[22.026215,63.322211]]],[[[22.144216,63.25141],[22.136485,63.250556],[22.08546,63.261786],[22.079356,63.266303],[22.083181,63.270453],[22.078461,63.274482],[22.067068,63.278998],[22.068696,63.283881],[22.075694,63.2862],[22.083344,63.288031],[22.088878,63.294623],[22.082774,63.304185],[22.072765,63.312812],[22.069184,63.318549],[22.078624,63.321601],[22.092621,63.323065],[22.110199,63.328925],[22.123546,63.326361],[22.132091,63.325914],[22.139985,63.322211],[22.14796,63.315579],[22.158214,63.311021],[22.163585,63.311713],[22.164399,63.316718],[22.169688,63.319159],[22.178559,63.317857],[22.18629,63.314765],[22.190603,63.310533],[22.195649,63.30976],[22.202647,63.312812],[22.208018,63.317939],[22.210704,63.325385],[22.215343,63.332953],[22.22169,63.338568],[22.226329,63.340644],[22.231293,63.338813],[22.235688,63.331244],[22.237071,63.325507],[22.238943,63.313788],[22.246267,63.307074],[22.244477,63.302476],[22.234386,63.293158],[22.222667,63.279975],[22.208669,63.273261],[22.187266,63.273505],[22.156505,63.28856],[22.114431,63.284166],[22.114106,63.282213],[22.139008,63.27912],[22.158539,63.274075],[22.163097,63.263332],[22.157237,63.256537],[22.148692,63.255805],[22.144054,63.254136],[22.144216,63.25141]]],[[[21.957205,63.33161],[21.948985,63.333808],[21.947276,63.337958],[21.948985,63.340033],[21.951345,63.343655],[21.956228,63.349311],[21.961192,63.353827],[21.966075,63.359809],[21.97169,63.365139],[21.978201,63.368883],[21.983653,63.373277],[21.986583,63.377875],[21.99643,63.384711],[22.014659,63.385403],[22.030284,63.383368],[22.045909,63.387519],[22.059825,63.388373],[22.064952,63.38703],[22.069835,63.385199],[22.079438,63.38349],[22.089122,63.383938],[22.096039,63.38349],[22.096039,63.380316],[22.088878,63.377631],[22.079438,63.376858],[22.080251,63.373603],[22.085134,63.367011],[22.076182,63.360053],[22.059337,63.357856],[22.026866,63.366156],[22.012706,63.363715],[22.001964,63.354193],[21.997081,63.348456],[21.984141,63.341132],[21.966075,63.333157],[21.957205,63.33161]]],[[[20.87086,63.669379],[20.864594,63.659369],[20.85613,63.650946],[20.843028,63.644192],[20.825938,63.643622],[20.827647,63.653144],[20.864594,63.676744],[20.868907,63.675727],[20.87086,63.669379]]],[[[20.898123,63.754096],[20.907074,63.756171],[20.91977,63.764146],[20.938243,63.772854],[20.948497,63.774604],[20.947032,63.772691],[20.942231,63.769355],[20.940684,63.765692],[20.944184,63.761135],[20.943044,63.756741],[20.936209,63.752102],[20.932872,63.745307],[20.935232,63.737291],[20.936697,63.727525],[20.932872,63.715277],[20.923106,63.703192],[20.908865,63.695299],[20.894054,63.689927],[20.887218,63.690904],[20.879731,63.69066],[20.864757,63.683092],[20.862071,63.693345],[20.88087,63.742377],[20.888927,63.749945],[20.898123,63.754096]]],[[[22.807953,63.779527],[22.823416,63.779242],[22.828868,63.776313],[22.825531,63.772854],[22.821137,63.77147],[22.820079,63.768866],[22.819102,63.763251],[22.815196,63.756496],[22.812022,63.753485],[22.809418,63.747138],[22.802094,63.738186],[22.793224,63.74022],[22.782074,63.744818],[22.777192,63.741767],[22.780447,63.73432],[22.776052,63.728176],[22.764496,63.727037],[22.756602,63.722724],[22.739594,63.720526],[22.719249,63.72663],[22.702891,63.736396],[22.692231,63.751125],[22.687022,63.755113],[22.683116,63.758612],[22.681488,63.763414],[22.702973,63.769761],[22.711436,63.773383],[22.719574,63.778876],[22.737315,63.78559],[22.763845,63.791449],[22.781749,63.790432],[22.789806,63.783759],[22.795665,63.777655],[22.800304,63.776068],[22.804454,63.778225],[22.807953,63.779527]]],[[[22.408051,65.455268],[22.417817,65.449937],[22.410411,65.441311],[22.387869,65.433661],[22.375662,65.430732],[22.294932,65.428168],[22.285167,65.431627],[22.286388,65.442572],[22.29477,65.452867],[22.306407,65.45539],[22.316661,65.452216],[22.3213,65.446926],[22.33253,65.44302],[22.352061,65.449286],[22.37086,65.459459],[22.39088,65.45954],[22.408051,65.455268]]],[[[22.153575,65.430365],[22.148285,65.434638],[22.142589,65.445787],[22.144054,65.454535],[22.147227,65.458441],[22.147309,65.468655],[22.156586,65.474351],[22.174001,65.474311],[22.210216,65.465806],[22.215343,65.460028],[22.207205,65.456122],[22.206554,65.450181],[22.216807,65.441962],[22.227224,65.436672],[22.2317,65.431545],[22.233165,65.423896],[22.2317,65.418118],[22.2199,65.419867],[22.210704,65.423163],[22.201427,65.425523],[22.153575,65.430365]]],[[[22.5949,65.528266],[22.610525,65.523993],[22.617198,65.517483],[22.614268,65.511908],[22.604747,65.510321],[22.58839,65.512112],[22.567556,65.516913],[22.552989,65.530097],[22.55893,65.538275],[22.577159,65.533108],[22.586599,65.528998],[22.5949,65.528266]]],[[[22.218761,65.506781],[22.193207,65.525784],[22.186778,65.537828],[22.198009,65.541978],[22.211436,65.545111],[22.22641,65.543931],[22.303396,65.523017],[22.31129,65.522854],[22.318614,65.523993],[22.326834,65.520575],[22.336274,65.512885],[22.358735,65.503974],[22.358246,65.495063],[22.344086,65.490383],[22.332693,65.491645],[22.321137,65.50019],[22.307791,65.506741],[22.293224,65.51142],[22.278819,65.513251],[22.270518,65.509833],[22.274262,65.501288],[22.270763,65.50023],[22.270518,65.496894],[22.272716,65.491156],[22.283458,65.4831],[22.285492,65.479193],[22.280121,65.478217],[22.265798,65.481757],[22.218761,65.506781]]],[[[22.577973,65.58275],[22.625824,65.593411],[22.641449,65.589097],[22.637462,65.579657],[22.62143,65.576117],[22.613943,65.571438],[22.612153,65.563788],[22.606212,65.557522],[22.597423,65.553941],[22.586762,65.555121],[22.575369,65.558173],[22.572032,65.557563],[22.576345,65.554185],[22.569591,65.554999],[22.539317,65.563666],[22.533539,65.567816],[22.529145,65.576239],[22.535899,65.581366],[22.546397,65.581773],[22.56072,65.580797],[22.577973,65.58275]]],[[[22.57016,65.594794],[22.558604,65.600979],[22.554454,65.605373],[22.568126,65.612535],[22.595063,65.612982],[22.604503,65.600287],[22.589122,65.593736],[22.57016,65.594794]]],[[[22.962657,65.716295],[22.976899,65.709866],[22.985118,65.700263],[22.981944,65.69359],[22.971039,65.695502],[22.964041,65.695624],[22.960948,65.690131],[22.962901,65.681952],[22.971934,65.66706],[22.957286,65.670885],[22.927257,65.684516],[22.899099,65.701402],[22.882172,65.720445],[22.886241,65.737372],[22.904552,65.742743],[22.930024,65.741889],[22.956228,65.733222],[22.959727,65.725328],[22.944835,65.724555],[22.945974,65.721625],[22.962657,65.716295]]],[[[23.797211,65.75373],[23.800792,65.749823],[23.802745,65.74372],[23.79949,65.734809],[23.792817,65.728461],[23.786306,65.724677],[23.783214,65.721137],[23.784679,65.718207],[23.773936,65.711249],[23.738292,65.696723],[23.69988,65.707465],[23.681488,65.721666],[23.681651,65.743069],[23.689626,65.74844],[23.696625,65.739569],[23.704763,65.735989],[23.710704,65.74018],[23.713552,65.751899],[23.719249,65.750678],[23.729828,65.745266],[23.74171,65.742255],[23.753673,65.741278],[23.765147,65.744208],[23.775157,65.749579],[23.781505,65.748358],[23.786957,65.743638],[23.79005,65.747138],[23.792654,65.753892],[23.797211,65.75373]]],[[[22.741059,65.713609],[22.732432,65.718695],[22.725759,65.724026],[22.726248,65.729967],[22.730479,65.738593],[22.731944,65.751451],[22.735525,65.766343],[22.746837,65.770413],[22.790782,65.750312],[22.802419,65.734809],[22.811371,65.714097],[22.805431,65.705227],[22.760509,65.708482],[22.741059,65.713609]]],[[[20.303728557132715,60.0],[20.339447,60.02011],[20.362418,60.01767],[20.398457,60.009129],[20.436746,60.004989],[20.441991876529364,60.0],[20.303728557132715,60.0]]],[[[21.600434,60.254828],[21.615896,60.255194],[21.62672,60.25259],[21.621593,60.243109],[21.610118,60.234849],[21.606456,60.228258],[21.601736,60.222561],[21.592296,60.221747],[21.587413,60.222561],[21.577891,60.221625],[21.563487,60.226223],[21.562266,60.239936],[21.571056,60.255927],[21.586925,60.269355],[21.604666,60.268785],[21.606781,60.260688],[21.597423,60.257025],[21.600434,60.254828]]],[[[21.088634,60.480129],[21.094737,60.475572],[21.09669,60.463446],[21.088227,60.452216],[21.07838,60.448961],[21.064952,60.454779],[21.059255,60.466742],[21.064301,60.474351],[21.076427,60.480414],[21.084646,60.48078],[21.088634,60.480129]]],[[[21.259532,60.853095],[21.267345,60.85106],[21.267589,60.837795],[21.263194,60.830268],[21.250173,60.832953],[21.209809,60.845282],[21.205333,60.843248],[21.202403,60.844916],[21.201182,60.848293],[21.195486,60.85224],[21.18629,60.856513],[21.189464,60.860541],[21.206554,60.863186],[21.221528,60.858954],[21.22462,60.850287],[21.226573,60.847113],[21.235362,60.848619],[21.242035,60.848212],[21.24586,60.846015],[21.251964,60.847113],[21.259532,60.853095]]],[[[21.421886,61.176744],[21.429373,61.173],[21.431651,61.171454],[21.423595,61.172105],[21.388845,61.180976],[21.369395,61.176093],[21.352387,61.176011],[21.34669,61.177558],[21.348155,61.177883],[21.349783,61.178046],[21.347179,61.181871],[21.342947,61.190619],[21.346446,61.196275],[21.353526,61.197455],[21.357432,61.199774],[21.356781,61.202582],[21.363129,61.208564],[21.380056,61.214016],[21.391368,61.209621],[21.385753,61.200995],[21.389171,61.192206],[21.421886,61.176744]]],[[[21.521251,61.633979],[21.523936,61.633124],[21.526134,61.629096],[21.521983,61.625434],[21.514659,61.624945],[21.510509,61.622219],[21.507823,61.618069],[21.500987,61.617743],[21.478363,61.620836],[21.461925,61.626166],[21.459972,61.62934],[21.470958,61.630316],[21.484548,61.640448],[21.521251,61.633979]]],[[[21.208507,62.946234],[21.191417,62.953925],[21.182872,62.9501],[21.168142,62.94599],[21.146658,62.953274],[21.135997,62.962958],[21.136485,62.967231],[21.141856,62.968248],[21.148204,62.965522],[21.150564,62.963568],[21.154796,62.967597],[21.159353,62.975409],[21.15268,62.979682],[21.140391,62.984565],[21.131847,62.992825],[21.130382,63.0008],[21.136241,63.006578],[21.145193,63.010159],[21.151622,63.010321],[21.155121,63.006822],[21.159841,63.00434],[21.184744,62.999416],[21.195649,62.994371],[21.207367,62.986151],[21.215994,62.975165],[21.221202,62.961371],[21.221934,62.951361],[21.216563,62.947089],[21.208507,62.946234]]]]}},{"type":"Feature","properties":{},"geometry":{"type":"MultiPolygon","coordinates":[[[[21.496593,60.135321],[21.529796,60.15941],[21.571056,60.170356],[21.614513,60.168891],[21.654307,60.155829],[21.647472,60.145087],[21.63738,60.138821],[21.613292,60.129096],[21.630219,60.128485],[21.636974,60.123684],[21.635102,60.116156],[21.626313,60.107367],[21.613129,60.102118],[21.599132,60.102729],[21.572032,60.107367],[21.561778,60.106594],[21.534353,60.101386],[21.524262,60.097805],[21.514415,60.097357],[21.503917,60.102973],[21.493175,60.110175],[21.48227,60.114814],[21.499197,60.12108],[21.518565,60.12287],[21.558116,60.121649],[21.549001,60.13345],[21.533051,60.13703],[21.496593,60.135321]]],[[[21.743663,60.190619],[21.799571,60.196601],[21.853526,60.196763],[21.887706,60.183743],[21.887706,60.176337],[21.876475,60.176947],[21.865733,60.176418],[21.855642,60.17414],[21.846039,60.170111],[21.852306,60.167182],[21.867849,60.155829],[21.791515,60.155829],[21.826182,60.149604],[21.817149,60.145453],[21.80714,60.142524],[21.79656,60.141384],[21.801036,60.139716],[21.805675,60.135321],[21.783214,60.123236],[21.752126,60.11518],[21.720225,60.113715],[21.695811,60.121649],[21.704438,60.126899],[21.706879,60.129584],[21.702647,60.142157],[21.717296,60.148383],[21.722504,60.149604],[21.722504,60.155829],[21.705089,60.160712],[21.708181,60.17178],[21.723481,60.18358],[21.743663,60.190619]]],[[[19.639496,60.220933],[19.643077,60.213446],[19.660492,60.202826],[19.667491,60.196763],[19.670909,60.190579],[19.673106,60.184231],[19.674327,60.166327],[19.671072,60.158108],[19.663341,60.156684],[19.654307,60.157538],[19.646983,60.155829],[19.632498,60.165432],[19.609548,60.187486],[19.591645,60.196763],[19.599457,60.179877],[19.603282,60.164008],[19.59962,60.149115],[19.584809,60.135321],[19.565196,60.12995],[19.544607,60.134752],[19.527029,60.148627],[19.516612,60.170111],[19.513927,60.179104],[19.513194,60.183783],[19.517589,60.187649],[19.530284,60.193671],[19.537283,60.201117],[19.536957,60.211127],[19.535167,60.222073],[19.53712,60.232164],[19.542247,60.236965],[19.560395,60.248969],[19.567882,60.255113],[19.578868,60.260484],[19.593761,60.260484],[19.608409,60.256903],[19.628103,60.246649],[19.634451,60.240139],[19.638357,60.231635],[19.639496,60.220933]]],[[[21.997569,60.33393],[21.979666,60.328599],[21.960623,60.327541],[21.941091,60.329576],[21.921723,60.33393],[21.918712,60.332668],[21.913829,60.329413],[21.907888,60.326728],[21.901378,60.327094],[21.900727,60.329535],[21.901703,60.339016],[21.901378,60.341376],[21.879242,60.350898],[21.868419,60.353949],[21.837413,60.357571],[21.814464,60.364244],[21.794119,60.373969],[21.78533,60.385443],[21.792247,60.396959],[21.808849,60.405219],[21.828868,60.409613],[21.846039,60.409654],[21.846039,60.41649],[21.79835,60.443793],[21.801931,60.456773],[21.808116,60.466702],[21.817882,60.471991],[21.832367,60.471137],[21.848399,60.463813],[21.892345,60.449205],[21.901378,60.440375],[21.904633,60.431627],[21.912852,60.426459],[21.923025,60.423977],[21.931977,60.423326],[21.950369,60.402167],[21.950369,60.395982],[21.921072,60.40119],[21.906993,60.40176],[21.894542,60.395982],[21.90797,60.390448],[21.936778,60.382636],[21.950369,60.375556],[21.942231,60.368109],[21.974864,60.369452],[21.988617,60.365912],[21.997569,60.355048],[21.973318,60.347846],[21.96339,60.347602],[21.979503,60.342597],[21.987966,60.341254],[21.997569,60.341376],[21.997569,60.33393]]],[[[20.610118,60.044989],[20.612559,60.043443],[20.617931,60.042222],[20.615245,60.041083],[20.603363,60.039781],[20.600922,60.039211],[20.608246,60.035956],[20.609874,60.029853],[20.606293,60.02265],[20.596446,60.016059],[20.587169,60.008124],[20.577485,60.006659],[20.550466,60.018866],[20.546153,60.016506],[20.539887,60.009508],[20.527029,60.005072],[20.511892,60.006334],[20.500824,60.012681],[20.505544,60.024237],[20.530935,60.048407],[20.544932,60.056098],[20.55836,60.057603],[20.568207,60.056952],[20.576182,60.059149],[20.582856,60.059149],[20.587087,60.055894],[20.587901,60.051947],[20.591075,60.050849],[20.598643,60.05268],[20.604991,60.052069],[20.608653,60.047593],[20.610118,60.044989]]],[[[20.424083,60.055243],[20.448904,60.065131],[20.462576,60.066799],[20.45102,60.040107],[20.43214,60.025092],[20.402354,60.021308],[20.390147,60.028225],[20.403494,60.040513],[20.424083,60.055243]]],[[[20.521169,60.048041],[20.519379,60.042955],[20.500336,60.036363],[20.471365,60.041327],[20.469737,60.057359],[20.488048,60.062405],[20.522227,60.064765],[20.525401,60.065497],[20.516449,60.066962],[20.518403,60.07038],[20.533376,60.073635],[20.54184,60.07099],[20.535818,60.064154],[20.526215,60.05683],[20.521169,60.048041]]],[[[20.03365,60.063626],[20.068193,60.072654],[20.101269,60.094975],[20.130042,60.086928],[20.163259,60.087845],[20.193191,60.06557],[20.212658,60.035918],[20.222526,60.01488],[20.225218,60.005478],[20.2200844778057,60.0],[20.10982934846626,60.0],[20.116869,60.005434],[20.121318,60.016627],[20.104258,60.028248],[20.078257,60.028224],[20.058457,60.039396],[20.025256,60.042485],[20.03365,60.063626]]]]}},{"type":"Feature","properties":{},"geometry":{"type":"MultiPolygon","coordinates":[[[[20.208751,60.224677],[20.222016,60.209906],[20.229747,60.20425],[20.218923,60.201321],[20.209646,60.200873],[20.200938,60.199408],[20.191661,60.193671],[20.186371,60.187323],[20.177989,60.173529],[20.174571,60.170111],[20.161957,60.167141],[20.154633,60.169745],[20.147797,60.174018],[20.136974,60.176337],[20.09547,60.176337],[20.087087,60.182196],[20.088878,60.195868],[20.095551,60.210883],[20.102306,60.220933],[20.122895,60.23078],[20.172374,60.232815],[20.188243,60.245185],[20.147716,60.244778],[20.111013,60.239447],[20.081879,60.223375],[20.064708,60.190619],[20.057872,60.190619],[20.060883,60.214748],[20.048188,60.226508],[20.031912,60.236396],[20.023692,60.255113],[20.036388,60.271877],[20.05714,60.293158],[20.06129,60.310045],[20.023692,60.313463],[20.023692,60.306627],[20.033865,60.293891],[20.024913,60.276435],[20.003266,60.267035],[19.975922,60.278713],[19.979747,60.261054],[19.993988,60.241441],[20.01295,60.225165],[20.030528,60.217231],[20.020763,60.210354],[20.014903,60.202338],[20.013194,60.193427],[20.016287,60.183743],[19.964122,60.19481],[19.948009,60.20425],[19.953868,60.209418],[19.95574,60.212836],[19.954845,60.224677],[19.927745,60.222805],[19.914561,60.218207],[19.917247,60.207668],[19.929698,60.196357],[19.943614,60.186225],[19.958832,60.179104],[19.987315,60.173041],[19.996593,60.166002],[20.003917,60.158922],[20.01002,60.155829],[20.019867,60.158108],[20.027517,60.163316],[20.034923,60.169989],[20.0442,60.176337],[20.03297,60.144355],[20.030121,60.128974],[20.030528,60.114814],[20.03419,60.111396],[20.040863,60.109117],[20.047537,60.105414],[20.050466,60.097805],[20.04477,60.08747],[20.031586,60.087388],[20.006358,60.094387],[19.965994,60.091132],[19.948985,60.083889],[19.951427,60.070136],[19.958181,60.053778],[19.948497,60.047675],[19.937755,60.05036],[19.941173,60.060248],[19.924001,60.091539],[19.91033,60.10106],[19.886567,60.101223],[19.873302,60.096422],[19.870291,60.09101],[19.868337,60.085517],[19.858653,60.080756],[19.845063,60.078681],[19.831716,60.079495],[19.823253,60.084296],[19.824474,60.094387],[19.806977,60.09984],[19.78891,60.096259],[19.773448,60.086493],[19.763031,60.07392],[19.747569,60.101386],[19.710297,60.145209],[19.694672,60.170111],[19.687999,60.199286],[19.682384,60.211982],[19.670909,60.217231],[19.668793,60.224677],[19.646983,60.265692],[19.666677,60.266059],[19.682872,60.26435],[19.691417,60.256537],[19.688487,60.238349],[19.6963,60.248765],[19.702485,60.260077],[19.709321,60.268866],[19.718923,60.272528],[19.732107,60.273912],[19.770518,60.2862],[19.762869,60.290513],[19.757823,60.295478],[19.74936,60.306627],[19.77003,60.30329],[19.777354,60.299791],[19.783458,60.303046],[19.786306,60.303534],[19.79656,60.299791],[19.780772,60.270941],[19.765147,60.248969],[19.768077,60.240424],[19.776378,60.233344],[19.78419,60.224677],[19.792003,60.200141],[19.798595,60.193061],[19.81422,60.190619],[19.821788,60.19599],[19.823497,60.208482],[19.8213,60.22248],[19.817638,60.232164],[19.83546,60.226386],[19.851817,60.217231],[19.858653,60.245185],[19.879731,60.258857],[19.884613,60.272528],[19.886404,60.293647],[19.892833,60.306627],[19.898123,60.291978],[19.899587,60.284613],[19.900157,60.27558],[19.905528,60.271796],[19.917247,60.272935],[19.929047,60.277167],[19.934337,60.282416],[19.931488,60.29975],[19.924001,60.314276],[19.912934,60.325751],[19.900157,60.33393],[19.893321,60.339586],[19.889496,60.344672],[19.885102,60.345201],[19.875987,60.337633],[19.865082,60.319648],[19.857677,60.313218],[19.848399,60.317206],[19.833344,60.334052],[19.819184,60.346829],[19.802013,60.354193],[19.777354,60.355048],[19.792979,60.360541],[19.801768,60.368842],[19.80836,60.378567],[19.817638,60.388577],[19.838145,60.400458],[19.85963,60.405585],[19.882335,60.405585],[19.906423,60.402167],[19.913585,60.388861],[19.918468,60.370185],[19.927501,60.356431],[19.969981,60.361396],[19.995616,60.356431],[20.019705,60.346259],[20.036794,60.33393],[20.028494,60.354071],[20.023692,60.361274],[20.038422,60.359565],[20.072032,60.349921],[20.082205,60.351304],[20.093028,60.355129],[20.104666,60.349921],[20.12615,60.33393],[20.178071,60.322984],[20.192068,60.312323],[20.181407,60.2862],[20.1963,60.290269],[20.201915,60.292955],[20.217621,60.286282],[20.238048,60.281562],[20.277599,60.278713],[20.242849,60.245185],[20.236013,60.232164],[20.208751,60.224677]]]]}},{"type":"Feature","properties":{},"geometry":{"type":"MultiPolygon","coordinates":[[[[20.864919,60.015652],[20.858246,60.015733],[20.849539,60.017524],[20.848318,60.02261],[20.863292,60.025987],[20.869151,60.02322],[20.869558,60.020128],[20.864919,60.015652]]],[[[20.002045,60.025906],[20.009858,60.02322],[20.017182,60.01793],[20.015473,60.010769],[20.004242,60.006171],[19.993826,60.006781],[19.98585,60.00963],[19.986339,60.013251],[19.988862,60.016425],[19.987315,60.019395],[19.979177,60.021755],[19.979096,60.024075],[19.960297,60.028795],[19.959239,60.032945],[19.982107,60.02969],[19.9935,60.025214],[20.002045,60.025906]]],[[[21.458018,60.025295],[21.461599,60.035061],[21.471202,60.033352],[21.471202,60.025987],[21.463715,60.024441],[21.458018,60.025295]]],[[[22.928396,60.005072],[22.924408,60.004828],[22.921316,60.007636],[22.91684,60.009833],[22.909028,60.009833],[22.904389,60.013739],[22.907074,60.01907],[22.91448,60.020372],[22.919037,60.022406],[22.918224,60.025214],[22.917898,60.029731],[22.921967,60.036933],[22.932465,60.04503],[22.945974,60.05036],[22.955821,60.04975],[22.962901,60.046047],[22.973399,60.035834],[22.971446,60.032701],[22.961111,60.027086],[22.957042,60.022081],[22.950776,60.019232],[22.94158,60.018093],[22.933767,60.013007],[22.928396,60.005072]]],[[[22.802094,60.051622],[22.808604,60.051337],[22.815115,60.047349],[22.815766,60.038601],[22.810883,60.032131],[22.804128,60.035142],[22.800385,60.045071],[22.802094,60.051622]]],[[[20.392182,60.0397],[20.383962,60.0397],[20.366059,60.033515],[20.362071,60.038153],[20.372,60.045396],[20.372406,60.048977],[20.372081,60.051459],[20.374278,60.053575],[20.396983,60.049262],[20.397797,60.044704],[20.392182,60.0397]]],[[[20.819509,60.071641],[20.821218,60.070868],[20.823334,60.068956],[20.823334,60.06745],[20.821625,60.065782],[20.81837,60.066189],[20.812348,60.064358],[20.797293,60.062486],[20.794037,60.066311],[20.800222,60.072455],[20.808197,60.07685],[20.814545,60.07746],[20.822113,60.072252],[20.819509,60.071641]]],[[[21.370291,60.069322],[21.364106,60.069932],[21.364106,60.073717],[21.356537,60.074774],[21.352957,60.076036],[21.364594,60.079413],[21.375906,60.072618],[21.370291,60.069322]]],[[[20.344819,60.086168],[20.350759,60.083319],[20.353282,60.077419],[20.352387,60.072984],[20.345144,60.066921],[20.340668,60.06859],[20.337413,60.067043],[20.328705,60.066677],[20.325043,60.072292],[20.330577,60.07803],[20.331228,60.080512],[20.335134,60.08454],[20.344819,60.086168]]],[[[20.729666,60.083482],[20.728282,60.081366],[20.72991,60.076809],[20.714936,60.078721],[20.711925,60.082668],[20.714447,60.086005],[20.716889,60.08926],[20.72226,60.089504],[20.730642,60.090237],[20.734548,60.090644],[20.734874,60.085517],[20.729666,60.083482]]],[[[20.502126,60.100002],[20.486176,60.104722],[20.483653,60.107856],[20.495535,60.111518],[20.523204,60.11286],[20.540375,60.105292],[20.55071,60.10456],[20.561209,60.106594],[20.568289,60.105902],[20.567963,60.099433],[20.564057,60.093655],[20.502126,60.100002]]],[[[21.072602,60.145901],[21.081065,60.147773],[21.085541,60.142564],[21.084483,60.13585],[21.076996,60.132188],[21.071137,60.132025],[21.070323,60.133979],[21.073904,60.13467],[21.069021,60.139594],[21.072602,60.145901]]],[[[25.046153,60.154486],[25.06186,60.154079],[25.072846,60.148261],[25.071625,60.144924],[25.064626,60.144802],[25.061209,60.142157],[25.062022,60.138861],[25.060232,60.137559],[25.045502,60.136868],[25.03712,60.133734],[25.030528,60.133165],[25.028494,60.13642],[25.028005,60.140896],[25.032888,60.147935],[25.046153,60.154486]]],[[[22.111501,60.153551],[22.124848,60.159532],[22.133474,60.156155],[22.134125,60.147691],[22.131196,60.140977],[22.121186,60.138861],[22.110118,60.139024],[22.10613,60.143622],[22.111501,60.153551]]],[[[21.883637,60.159613],[21.906993,60.154771],[21.913259,60.149807],[21.907237,60.147732],[21.901622,60.14883],[21.897472,60.150499],[21.89267,60.149929],[21.887787,60.14822],[21.887543,60.146145],[21.899994,60.145209],[21.898041,60.14053],[21.886404,60.135281],[21.839936,60.135281],[21.832693,60.139268],[21.833507,60.142524],[21.842621,60.150906],[21.869477,60.154202],[21.876964,60.158922],[21.883637,60.159613]]],[[[22.266449,60.159044],[22.282563,60.161851],[22.283051,60.159288],[22.281423,60.145575],[22.277436,60.13935],[22.264008,60.132351],[22.253103,60.12991],[22.249441,60.138332],[22.248871,60.142727],[22.251313,60.149359],[22.256114,60.156114],[22.266449,60.159044]]],[[[20.282237,60.161241],[20.292328,60.163194],[20.306977,60.159451],[20.314626,60.152777],[20.306,60.147447],[20.298188,60.148342],[20.291108,60.154731],[20.280935,60.158596],[20.282237,60.161241]]],[[[21.301036,60.168077],[21.306163,60.169053],[21.314138,60.166287],[21.316254,60.159451],[21.307058,60.151313],[21.296641,60.148871],[21.293956,60.152859],[21.296072,60.15648],[21.297455,60.162746],[21.301036,60.168077]]],[[[20.566905,60.15884],[20.571381,60.161689],[20.591726,60.169664],[20.602468,60.16942],[20.607839,60.166612],[20.608979,60.162218],[20.602061,60.159695],[20.567068,60.156114],[20.566905,60.15884]]],[[[20.341482,60.17536],[20.347748,60.177843],[20.35019,60.175971],[20.350434,60.168891],[20.339447,60.160468],[20.321462,60.159166],[20.317719,60.162787],[20.341482,60.17536]]],[[[22.261892,60.174058],[22.248057,60.168199],[22.207693,60.163357],[22.20102,60.164618],[22.195649,60.170396],[22.197113,60.17414],[22.2046,60.178127],[22.209727,60.1789],[22.261892,60.174058]]],[[[20.417328,60.174343],[20.419281,60.179796],[20.423188,60.183051],[20.428884,60.183295],[20.432791,60.180609],[20.433116,60.176581],[20.434581,60.176134],[20.43922,60.175727],[20.440033,60.171536],[20.435069,60.164089],[20.426443,60.160305],[20.402354,60.15648],[20.393565,60.15884],[20.390798,60.164374],[20.395274,60.168118],[20.414806,60.171658],[20.417328,60.174343]]],[[[22.139008,60.195543],[22.146332,60.19302],[22.139496,60.18065],[22.097992,60.168606],[22.092214,60.17064],[22.101329,60.176581],[22.114431,60.180447],[22.118826,60.183051],[22.118256,60.186469],[22.121918,60.190294],[22.12908,60.193427],[22.139008,60.195543]]],[[[21.639822,60.201402],[21.651622,60.198147],[21.661469,60.19241],[21.663503,60.188788],[21.661957,60.186387],[21.660085,60.185492],[21.627778,60.185329],[21.610362,60.191596],[21.603445,60.195828],[21.60141,60.201483],[21.639822,60.201402]]],[[[19.326264,60.202582],[19.332042,60.204128],[19.344168,60.199571],[19.338552,60.190741],[19.329682,60.199164],[19.326264,60.202582]]],[[[18.57252,60.212917],[18.581635,60.214423],[18.589773,60.213772],[18.623627,60.201402],[18.625255,60.199571],[18.61907,60.193061],[18.593191,60.18887],[18.583995,60.192532],[18.583588,60.195909],[18.582774,60.197781],[18.579275,60.196397],[18.57488,60.197211],[18.571625,60.202053],[18.568044,60.203599],[18.564382,60.202745],[18.561778,60.203599],[18.562429,60.206692],[18.565522,60.210069],[18.57252,60.212917]]],[[[18.552989,60.188422],[18.538585,60.188951],[18.496674,60.20657],[18.474539,60.225002],[18.515961,60.221869],[18.55071,60.209947],[18.552175,60.205593],[18.548676,60.20128],[18.547699,60.19892],[18.55128,60.196601],[18.554454,60.193061],[18.552989,60.188422]]],[[[20.99586,60.21955],[20.995453,60.224107],[20.998953,60.225002],[21.005544,60.224229],[21.002778,60.215928],[20.996755,60.21662],[20.99586,60.21955]]],[[[20.281505,60.191921],[20.277354,60.184149],[20.267507,60.177965],[20.25294,60.180162],[20.252533,60.188096],[20.271169,60.198513],[20.272797,60.201117],[20.281098,60.205837],[20.292247,60.217556],[20.307465,60.225328],[20.317231,60.223782],[20.318451,60.215806],[20.318044,60.207261],[20.312836,60.200263],[20.306326,60.19481],[20.302175,60.193183],[20.289236,60.195909],[20.281505,60.191921]]],[[[22.325043,60.205512],[22.310883,60.207628],[22.307628,60.214219],[22.334565,60.22842],[22.363943,60.229234],[22.370453,60.22663],[22.369151,60.221706],[22.363617,60.219468],[22.360199,60.220364],[22.354828,60.220445],[22.349783,60.218248],[22.347911,60.215277],[22.343679,60.211737],[22.336681,60.208157],[22.325043,60.205512]]],[[[20.731293,60.251166],[20.735932,60.244249],[20.738699,60.235582],[20.744802,60.232082],[20.746593,60.227973],[20.745128,60.224392],[20.742198,60.221788],[20.735037,60.21955],[20.72877,60.234687],[20.731293,60.251166]]],[[[22.082612,60.237454],[22.066417,60.228095],[22.059906,60.229804],[22.044932,60.242458],[22.045502,60.245632],[22.066254,60.252997],[22.075857,60.252102],[22.084646,60.248847],[22.089366,60.243557],[22.088634,60.240546],[22.082612,60.237454]]],[[[21.764578,60.260565],[21.775564,60.261257],[21.785574,60.258531],[21.785167,60.252794],[21.752696,60.2449],[21.751313,60.247626],[21.751069,60.251736],[21.754649,60.257107],[21.764578,60.260565]]],[[[21.69101,60.255398],[21.695567,60.26199],[21.716563,60.263048],[21.713145,60.258246],[21.703624,60.254299],[21.69101,60.255398]]],[[[19.501638,60.233181],[19.495128,60.231838],[19.493012,60.233954],[19.492279,60.239569],[19.489675,60.244493],[19.485688,60.239325],[19.479666,60.238023],[19.475434,60.236233],[19.472667,60.238145],[19.472667,60.245429],[19.478852,60.257392],[19.479503,60.264757],[19.482677,60.269273],[19.489675,60.265774],[19.492524,60.259711],[19.492035,60.255642],[19.493663,60.253079],[19.499685,60.255357],[19.506928,60.260484],[19.517263,60.263699],[19.532563,60.264024],[19.533865,60.262356],[19.52825,60.259467],[19.522878,60.258083],[19.522227,60.254828],[19.535004,60.238756],[19.532725,60.235582],[19.527029,60.23664],[19.518728,60.236518],[19.514903,60.238756],[19.513276,60.247707],[19.512055,60.249091],[19.509613,60.245632],[19.50766,60.237372],[19.505382,60.234117],[19.501638,60.233181]]],[[[18.621267,60.267971],[18.614431,60.265611],[18.602387,60.268948],[18.600108,60.272895],[18.604503,60.28026],[18.612641,60.284532],[18.620291,60.282782],[18.637462,60.273749],[18.641287,60.268948],[18.638601,60.265204],[18.620453,60.272244],[18.621267,60.267971]]],[[[21.384451,60.283474],[21.416026,60.286282],[21.419281,60.288845],[21.430512,60.290391],[21.444347,60.288845],[21.446869,60.283596],[21.443696,60.27501],[21.426524,60.270494],[21.385834,60.268622],[21.382335,60.271226],[21.3803,60.275743],[21.379405,60.280178],[21.384451,60.283474]]],[[[21.644867,60.298529],[21.66033,60.295925],[21.673676,60.28852],[21.671723,60.283393],[21.643565,60.282294],[21.63266,60.284857],[21.630138,60.287136],[21.639334,60.296536],[21.644867,60.298529]]],[[[21.844249,60.283393],[21.838227,60.283596],[21.814789,60.297634],[21.819835,60.298814],[21.83489,60.294135],[21.854503,60.292426],[21.856375,60.288398],[21.851085,60.285305],[21.844249,60.283393]]],[[[20.500987,60.277004],[20.494802,60.273953],[20.488617,60.274075],[20.487234,60.278754],[20.491466,60.285224],[20.494884,60.287421],[20.494884,60.289455],[20.492931,60.29385],[20.493582,60.297553],[20.494314,60.299587],[20.497976,60.301418],[20.504324,60.299506],[20.509939,60.29621],[20.513194,60.292711],[20.51531,60.288764],[20.516449,60.284288],[20.510265,60.279568],[20.500987,60.277004]]],[[[21.720958,60.302924],[21.728119,60.296617],[21.733084,60.2956],[21.726085,60.291205],[21.714773,60.290391],[21.705496,60.294135],[21.702322,60.296942],[21.704275,60.299425],[21.711599,60.303331],[21.720958,60.302924]]],[[[21.563975,60.287218],[21.559337,60.284166],[21.527029,60.286648],[21.521007,60.289496],[21.521902,60.292955],[21.529552,60.295966],[21.531912,60.298407],[21.546316,60.299587],[21.555105,60.303697],[21.570893,60.301418],[21.581065,60.294053],[21.579682,60.289903],[21.574636,60.28852],[21.56894,60.288479],[21.563975,60.287218]]],[[[21.043468,60.306179],[21.046316,60.308824],[21.053315,60.306871],[21.058686,60.298122],[21.052582,60.293728],[21.041759,60.296942],[21.030284,60.304999],[21.034353,60.307196],[21.043468,60.306179]]],[[[20.370291,60.306505],[20.383474,60.309801],[20.392996,60.308051],[20.401866,60.303697],[20.406586,60.289171],[20.403982,60.284735],[20.402843,60.278754],[20.404796,60.27379],[20.397472,60.271959],[20.386892,60.277859],[20.383637,60.286119],[20.383393,60.290066],[20.38087,60.291938],[20.377615,60.295844],[20.36671,60.303697],[20.370291,60.306505]]],[[[20.999685,60.332506],[20.994721,60.32392],[20.995128,60.31094],[20.99407,60.308254],[20.996918,60.305162],[20.992849,60.300564],[20.983165,60.299954],[20.970632,60.306098],[20.96811,60.31151],[20.966889,60.3192],[20.969493,60.326565],[20.989919,60.335232],[20.993337,60.334011],[20.996918,60.333726],[20.999685,60.332506]]],[[[20.910411,60.326483],[20.907237,60.332709],[20.909272,60.336208],[20.910655,60.344184],[20.915457,60.347439],[20.924653,60.34455],[20.929617,60.339219],[20.936615,60.316148],[20.935476,60.313015],[20.929617,60.311306],[20.921967,60.314724],[20.91627,60.320176],[20.913178,60.321763],[20.910411,60.326483]]],[[[20.406423,60.334703],[20.396169,60.330959],[20.389334,60.331204],[20.389334,60.336941],[20.390961,60.343085],[20.393565,60.347602],[20.398041,60.348415],[20.417003,60.345567],[20.42213,60.342515],[20.41684,60.338243],[20.406423,60.334703]]],[[[20.379975,60.336534],[20.371918,60.334052],[20.338145,60.342637],[20.337006,60.346829],[20.338715,60.350491],[20.338145,60.355373],[20.342784,60.358995],[20.368093,60.355455],[20.377371,60.348944],[20.382009,60.350002],[20.386078,60.349636],[20.384613,60.343085],[20.379975,60.336534]]],[[[21.149913,60.35635],[21.159272,60.359727],[21.165131,60.358344],[21.164236,60.353217],[21.158132,60.351345],[21.156342,60.349514],[21.156912,60.344184],[21.15325,60.340074],[21.143647,60.340399],[21.14088,60.348578],[21.149913,60.35635]]],[[[20.302419,60.33336],[20.292817,60.339301],[20.297537,60.349066],[20.317475,60.361233],[20.327973,60.363308],[20.333751,60.35932],[20.327078,60.339586],[20.324474,60.335232],[20.319672,60.33218],[20.302419,60.33336]]],[[[21.710867,60.341376],[21.702322,60.339382],[21.675955,60.345364],[21.661794,60.343288],[21.655365,60.346584],[21.651296,60.351915],[21.642833,60.35814],[21.645925,60.363023],[21.656993,60.364773],[21.680512,60.361192],[21.695323,60.352647],[21.704356,60.350653],[21.712169,60.347073],[21.710867,60.341376]]],[[[19.58839,60.359849],[19.604096,60.365505],[19.616059,60.36636],[19.61378,60.361111],[19.604421,60.354071],[19.595714,60.343044],[19.593354,60.329698],[19.588227,60.330797],[19.572927,60.348131],[19.575206,60.350938],[19.576996,60.354438],[19.579275,60.356594],[19.58839,60.359849]]],[[[21.080089,60.346503],[21.087413,60.341702],[21.094981,60.340318],[21.095795,60.338935],[21.082042,60.333564],[21.067882,60.340155],[21.062348,60.344468],[21.054047,60.355577],[21.051362,60.362047],[21.052582,60.366482],[21.059581,60.367377],[21.0796,60.354926],[21.079112,60.351467],[21.080089,60.346503]]],[[[20.693207,60.364569],[20.694591,60.36758],[20.698578,60.373155],[20.702647,60.369249],[20.700776,60.359605],[20.69573,60.35989],[20.690684,60.360867],[20.693207,60.361802],[20.693207,60.364569]]],[[[21.782888,60.371365],[21.750336,60.366278],[21.732107,60.367703],[21.728608,60.371324],[21.733897,60.377712],[21.742768,60.378282],[21.749197,60.373847],[21.755789,60.372829],[21.77589,60.378282],[21.785167,60.378526],[21.788097,60.374701],[21.782888,60.371365]]],[[[19.705903,60.371446],[19.709321,60.367051],[19.711274,60.361111],[19.706554,60.358018],[19.694184,60.360989],[19.685557,60.366034],[19.685069,60.36994],[19.688975,60.379462],[19.694509,60.380154],[19.699799,60.376776],[19.702159,60.37401],[19.705903,60.371446]]],[[[21.667491,60.370185],[21.654552,60.373114],[21.642751,60.377102],[21.652029,60.382595],[21.663259,60.382025],[21.672048,60.379299],[21.674897,60.372056],[21.686778,60.372056],[21.696137,60.36872],[21.69866,60.364732],[21.691742,60.362047],[21.667491,60.370185]]],[[[20.921886,60.367703],[20.918793,60.366441],[20.905528,60.371568],[20.906993,60.376451],[20.911225,60.381659],[20.911794,60.384467],[20.915375,60.382636],[20.923106,60.377265],[20.923025,60.372748],[20.921886,60.367703]]],[[[20.870697,60.379299],[20.876475,60.365546],[20.87615,60.359524],[20.874604,60.356024],[20.874197,60.353461],[20.874441,60.351589],[20.876069,60.348253],[20.876475,60.342434],[20.874197,60.341986],[20.857026,60.369045],[20.856944,60.375434],[20.861664,60.381863],[20.866059,60.385362],[20.869314,60.382148],[20.870697,60.379299]]],[[[21.467133,60.38345],[21.467621,60.386786],[21.480154,60.389431],[21.48585,60.387356],[21.489431,60.38345],[21.486583,60.375474],[21.489187,60.373643],[21.489675,60.371039],[21.479421,60.363959],[21.476248,60.359809],[21.471609,60.357937],[21.467296,60.359768],[21.46811,60.364732],[21.472504,60.368679],[21.474376,60.371324],[21.473481,60.375841],[21.467133,60.38345]]],[[[19.735688,60.400214],[19.741059,60.401435],[19.747081,60.397284],[19.746511,60.392239],[19.741547,60.388821],[19.736908,60.37698],[19.727631,60.372952],[19.717377,60.372952],[19.712413,60.375759],[19.707042,60.37698],[19.705007,60.38231],[19.708588,60.390326],[19.713064,60.393052],[19.731293,60.395697],[19.735688,60.400214]]],[[[20.104421,60.404568],[20.113292,60.404446],[20.117442,60.402208],[20.115815,60.394884],[20.108084,60.386339],[20.099132,60.382148],[20.092214,60.380764],[20.08725,60.381659],[20.084809,60.38406],[20.076996,60.38699],[20.074229,60.390733],[20.104421,60.404568]]],[[[21.355805,60.393541],[21.357921,60.399726],[21.365245,60.405015],[21.375255,60.404649],[21.399913,60.397366],[21.40561,60.392239],[21.405121,60.373847],[21.401703,60.367947],[21.365733,60.381985],[21.355805,60.393541]]],[[[20.771821,60.387152],[20.766694,60.38996],[20.762055,60.394721],[20.761974,60.404161],[20.768809,60.409939],[20.776052,60.407579],[20.776703,60.397773],[20.781586,60.388861],[20.784516,60.386135],[20.785737,60.382351],[20.780121,60.382961],[20.771821,60.387152]]],[[[20.850841,60.401272],[20.848399,60.402086],[20.846853,60.404608],[20.844005,60.4053],[20.841889,60.407213],[20.835216,60.41177],[20.832367,60.416897],[20.839041,60.416246],[20.844086,60.418728],[20.849783,60.412787],[20.852794,60.40941],[20.850841,60.401272]]],[[[20.61614,60.418891],[20.619558,60.414781],[20.625173,60.402045],[20.620779,60.39704],[20.613292,60.39822],[20.611095,60.401923],[20.609874,60.402289],[20.603038,60.401882],[20.600108,60.404527],[20.605317,60.416205],[20.610199,60.419135],[20.61614,60.418891]]],[[[21.031261,60.404202],[21.030284,60.409654],[21.027843,60.415758],[21.034841,60.422105],[21.046886,60.424669],[21.059825,60.417873],[21.063813,60.410224],[21.056244,60.399888],[21.044607,60.395982],[21.041189,60.398464],[21.039399,60.402777],[21.031261,60.404202]]],[[[21.413178,60.401272],[21.410899,60.406399],[21.412283,60.412462],[21.410899,60.413275],[21.405854,60.411526],[21.401622,60.412746],[21.402436,60.415147],[21.415863,60.425198],[21.421479,60.427802],[21.428152,60.421983],[21.43572,60.411444],[21.436453,60.40412],[21.429535,60.399766],[21.421072,60.39883],[21.413178,60.401272]]],[[[21.219493,60.423],[21.220551,60.415473],[21.226085,60.405829],[21.226573,60.400173],[21.220388,60.401028],[21.215668,60.403347],[21.21225,60.403388],[21.210704,60.401109],[21.207612,60.397976],[21.204112,60.396837],[21.199474,60.402452],[21.197927,60.409695],[21.199799,60.413723],[21.207612,60.413764],[21.208344,60.415147],[21.206554,60.41828],[21.207612,60.422919],[21.210623,60.42772],[21.215668,60.429674],[21.219493,60.427558],[21.219493,60.423]]],[[[20.993826,60.429958],[21.00351,60.431912],[21.010834,60.429185],[21.010427,60.425523],[20.99936,60.422797],[20.999278,60.420966],[21.000011,60.417833],[20.993256,60.413764],[20.992768,60.40941],[20.990977,60.405707],[20.980072,60.411404],[20.972667,60.421698],[20.97641,60.426907],[20.984467,60.426337],[20.993826,60.429958]]],[[[20.264822,60.431057],[20.270356,60.432807],[20.271658,60.429551],[20.269542,60.42532],[20.262136,60.4171],[20.25644,60.418647],[20.257823,60.426459],[20.264822,60.431057]]],[[[21.716726,60.425686],[21.711111,60.41767],[21.700694,60.412014],[21.691417,60.4171],[21.689464,60.422268],[21.690603,60.4289],[21.693777,60.43419],[21.694428,60.436998],[21.681895,60.438707],[21.676768,60.443956],[21.678233,60.448188],[21.687592,60.449612],[21.701345,60.445583],[21.709646,60.438381],[21.712901,60.427558],[21.716726,60.425686]]],[[[21.636322,60.425849],[21.629731,60.427151],[21.625987,60.426093],[21.625824,60.421291],[21.623383,60.416409],[21.619151,60.412136],[21.615326,60.409654],[21.606944,60.407213],[21.599213,60.409817],[21.602061,60.414618],[21.605235,60.416205],[21.603282,60.419867],[21.603445,60.422227],[21.60141,60.430609],[21.60255,60.435858],[21.605968,60.439643],[21.611013,60.440823],[21.615326,60.439399],[21.616059,60.440334],[21.613455,60.443345],[21.615082,60.446641],[21.621918,60.45185],[21.632009,60.45425],[21.640391,60.449164],[21.643403,60.435289],[21.640798,60.427029],[21.636322,60.425849]]],[[[21.643403,60.462063],[21.639822,60.46719],[21.644216,60.470852],[21.645518,60.4737],[21.644542,60.476589],[21.64796,60.477607],[21.660737,60.477484],[21.667817,60.474962],[21.673676,60.46955],[21.669932,60.462673],[21.656179,60.460191],[21.643403,60.462063]]],[[[20.937755,60.478135],[20.935232,60.480129],[20.933767,60.485867],[20.937185,60.489854],[20.955089,60.487616],[20.957937,60.484483],[20.950287,60.472032],[20.9463,60.468085],[20.946869,60.464382],[20.952485,60.456163],[20.953787,60.451199],[20.952647,60.446357],[20.949962,60.441799],[20.942882,60.438829],[20.931895,60.442979],[20.925955,60.449164],[20.925873,60.452257],[20.929861,60.453274],[20.931,60.453925],[20.925955,60.455878],[20.924978,60.458889],[20.926524,60.461737],[20.922537,60.468614],[20.918549,60.471706],[20.918305,60.475206],[20.923839,60.475938],[20.937836,60.468899],[20.940684,60.472276],[20.940603,60.477118],[20.937755,60.478135]]],[[[21.066905,60.495876],[21.076508,60.494615],[21.086762,60.489773],[21.082449,60.484768],[21.062511,60.484442],[21.03891,60.495958],[21.035004,60.501288],[21.039399,60.505154],[21.046723,60.505683],[21.054454,60.504055],[21.060069,60.500718],[21.062511,60.496894],[21.066905,60.495876]]],[[[21.537201,60.489814],[21.530691,60.493191],[21.514252,60.495998],[21.51531,60.500759],[21.523936,60.51317],[21.534923,60.514431],[21.544851,60.507066],[21.550548,60.505235],[21.555675,60.506578],[21.554291,60.511257],[21.550792,60.516913],[21.550059,60.522813],[21.555024,60.525336],[21.56544,60.521389],[21.572113,60.51553],[21.573253,60.510972],[21.569347,60.505683],[21.555349,60.494127],[21.553233,60.490831],[21.553233,60.485541],[21.546804,60.484117],[21.537201,60.489814]]],[[[18.372162,60.516995],[18.36085,60.521389],[18.361827,60.52383],[18.374522,60.528957],[18.389496,60.531806],[18.399262,60.531602],[18.405203,60.5303],[18.408865,60.525417],[18.411713,60.516913],[18.413666,60.514757],[18.410411,60.512559],[18.398367,60.511094],[18.372162,60.516995]]],[[[20.899832,60.516343],[20.895681,60.516547],[20.876394,60.521633],[20.868663,60.527533],[20.86964,60.532213],[20.87558,60.533067],[20.880951,60.532335],[20.886241,60.534857],[20.890473,60.533108],[20.886485,60.522976],[20.906261,60.519761],[20.910818,60.517279],[20.899832,60.516343]]],[[[21.044119,60.528551],[21.050141,60.533759],[21.064708,60.53677],[21.083181,60.534084],[21.093191,60.526842],[21.093923,60.521633],[21.097585,60.518175],[21.098562,60.51553],[21.069265,60.516099],[21.049083,60.521674],[21.046235,60.523953],[21.044119,60.528551]]],[[[21.048025,60.549058],[21.041515,60.549384],[21.030284,60.552354],[21.032563,60.55565],[21.049408,60.558417],[21.059906,60.557196],[21.060069,60.553575],[21.048025,60.549058]]],[[[21.292166,60.718777],[21.303233,60.719794],[21.317719,60.715684],[21.319672,60.709866],[21.297211,60.707546],[21.287446,60.709581],[21.284109,60.712307],[21.287446,60.715684],[21.292166,60.718777]]],[[[21.005789,60.726793],[21.016287,60.732693],[21.026947,60.735745],[21.028819,60.732123],[21.021902,60.725165],[21.020763,60.720608],[21.016449,60.716539],[21.009451,60.715725],[21.004975,60.720445],[21.005789,60.726793]]],[[[21.263927,60.768297],[21.27589,60.764716],[21.278656,60.759914],[21.255219,60.757351],[21.251475,60.760647],[21.250987,60.765123],[21.256196,60.767442],[21.263927,60.768297]]],[[[21.367524,60.758531],[21.373383,60.753445],[21.367279,60.746446],[21.353526,60.744127],[21.344493,60.748969],[21.337901,60.754747],[21.330333,60.758531],[21.32781,60.763617],[21.334727,60.767483],[21.347992,60.768988],[21.358002,60.765245],[21.361339,60.761868],[21.367524,60.758531]]],[[[21.300548,60.768907],[21.298676,60.765326],[21.29656,60.764838],[21.295665,60.763129],[21.289561,60.76199],[21.276541,60.766872],[21.271821,60.771064],[21.273041,60.77497],[21.279959,60.775743],[21.298513,60.773261],[21.300548,60.768907]]],[[[17.337738,60.798082],[17.355072,60.796658],[17.356456,60.793809],[17.350515,60.790188],[17.334158,60.786322],[17.326671,60.786322],[17.319509,60.788275],[17.30421,60.784776],[17.301117,60.78974],[17.299327,60.795559],[17.30071,60.800564],[17.304373,60.804714],[17.31186,60.807074],[17.326915,60.80626],[17.334402,60.8015],[17.337738,60.798082]]],[[[21.170502,60.788438],[21.174246,60.788845],[21.17685,60.784776],[21.175629,60.781236],[21.167654,60.781155],[21.138194,60.786648],[21.131196,60.795681],[21.129731,60.801256],[21.134858,60.802395],[21.138031,60.804511],[21.14088,60.807847],[21.143647,60.808417],[21.148692,60.804145],[21.150157,60.800889],[21.167166,60.789008],[21.170502,60.788438]]],[[[21.275076,60.805894],[21.264252,60.803127],[21.252696,60.803941],[21.244802,60.806667],[21.242524,60.810533],[21.247,60.813381],[21.269705,60.819037],[21.275971,60.816555],[21.283702,60.811225],[21.281749,60.808865],[21.275076,60.805894]]],[[[21.306488,60.819037],[21.307546,60.821804],[21.323171,60.824774],[21.330333,60.81981],[21.328543,60.812445],[21.319021,60.813015],[21.306488,60.819037]]],[[[21.297537,60.833482],[21.301117,60.838243],[21.30893,60.836615],[21.314708,60.831651],[21.314138,60.828233],[21.310639,60.824571],[21.306163,60.822821],[21.294851,60.82392],[21.293386,60.823594],[21.293468,60.821438],[21.288422,60.82335],[21.282563,60.829088],[21.285004,60.831326],[21.291352,60.829088],[21.295746,60.829413],[21.297537,60.833482]]],[[[21.023611,60.846381],[21.035981,60.838487],[21.036469,60.835598],[21.032074,60.834255],[21.009613,60.842475],[21.003998,60.846991],[21.011404,60.848863],[21.023611,60.846381]]],[[[21.190359,60.989366],[21.175955,60.988105],[21.173676,60.988918],[21.17449,60.994534],[21.179861,60.995592],[21.18572,60.997463],[21.189301,60.994615],[21.190359,60.989366]]],[[[21.336599,60.999945],[21.332286,60.996568],[21.331472,61.001736],[21.336599,60.999945]]],[[[17.244477,61.050279],[17.249522,61.048204],[17.254242,61.04442],[17.253917,61.038601],[17.249848,61.036119],[17.246186,61.035102],[17.245291,61.031846],[17.246837,61.028591],[17.248871,61.02619],[17.238455,61.024685],[17.217459,61.027004],[17.206391,61.031724],[17.207774,61.036444],[17.213959,61.043769],[17.222992,61.050889],[17.231049,61.053371],[17.238048,61.052761],[17.244477,61.050279]]],[[[21.368744,61.133857],[21.364106,61.133857],[21.36199,61.135565],[21.363292,61.139431],[21.366873,61.141506],[21.370616,61.138251],[21.368744,61.133857]]],[[[17.309174,61.14883],[17.305186,61.153306],[17.302826,61.158189],[17.304698,61.164944],[17.310883,61.170193],[17.322113,61.172187],[17.332123,61.169379],[17.331716,61.166449],[17.328136,61.164374],[17.326915,61.161078],[17.325369,61.151475],[17.320242,61.144314],[17.316173,61.143622],[17.309174,61.14883]]],[[[21.450287,61.205186],[21.454031,61.202623],[21.459483,61.200548],[21.461599,61.198228],[21.442231,61.194322],[21.432791,61.195543],[21.422293,61.199449],[21.413097,61.208197],[21.421235,61.211859],[21.450287,61.205186]]],[[[21.482921,61.345242],[21.474132,61.346788],[21.468923,61.345038],[21.465261,61.347357],[21.468923,61.350938],[21.483409,61.355048],[21.493337,61.354722],[21.511078,61.344306],[21.511567,61.342841],[21.507253,61.340196],[21.497244,61.340603],[21.482921,61.345242]]],[[[21.360362,61.482652],[21.35434,61.475165],[21.338959,61.474351],[21.33839,61.480089],[21.351573,61.485216],[21.360362,61.482652]]],[[[17.424815,61.555691],[17.439301,61.554633],[17.4546,61.550279],[17.460785,61.542304],[17.449229,61.53734],[17.393565,61.539659],[17.38852,61.545152],[17.388113,61.549872],[17.386567,61.550645],[17.385427,61.547471],[17.382498,61.544053],[17.381114,61.539984],[17.378266,61.536566],[17.370942,61.536851],[17.365245,61.543158],[17.361583,61.55032],[17.36321,61.557766],[17.378266,61.561184],[17.424815,61.555691]]],[[[17.29656,61.560533],[17.299164,61.557603],[17.283376,61.552436],[17.272472,61.552354],[17.263601,61.555894],[17.261241,61.561713],[17.263194,61.56623],[17.266368,61.568956],[17.267263,61.574164],[17.271495,61.577175],[17.295909,61.573554],[17.299001,61.569973],[17.299164,61.564805],[17.295746,61.562079],[17.29656,61.560533]]],[[[21.41033,61.631741],[21.403819,61.635972],[21.402436,61.640001],[21.411306,61.643459],[21.428071,61.641059],[21.439871,61.635199],[21.437999,61.633043],[21.429128,61.633205],[21.42921,61.62816],[21.450694,61.612576],[21.448578,61.607896],[21.436778,61.609768],[21.424897,61.617377],[21.41033,61.631741]]],[[[17.525157,61.728746],[17.545421,61.730902],[17.556244,61.724392],[17.553722,61.722073],[17.54892,61.722398],[17.544281,61.721747],[17.540457,61.719631],[17.538748,61.715603],[17.533051,61.714219],[17.521251,61.719143],[17.525157,61.728746]]],[[[17.47991,61.959459],[17.487966,61.958035],[17.491222,61.955227],[17.490652,61.949856],[17.488455,61.946479],[17.481456,61.944648],[17.475597,61.951646],[17.47991,61.959459]]],[[[17.535167,61.955146],[17.528087,61.949693],[17.514985,61.94831],[17.506277,61.951117],[17.497488,61.956081],[17.492524,61.961859],[17.494802,61.96369],[17.50823,61.959662],[17.531098,61.958441],[17.535167,61.955146]]],[[[17.728282,62.226264],[17.74407,62.221951],[17.74822,62.219102],[17.746837,62.215318],[17.743744,62.210924],[17.724946,62.197659],[17.72283,62.194973],[17.720307,62.192654],[17.710378,62.1883],[17.696544,62.186021],[17.687429,62.196072],[17.683523,62.209866],[17.689382,62.221259],[17.706065,62.228868],[17.728282,62.226264]]],[[[17.890473,62.508287],[17.888113,62.510159],[17.894705,62.512315],[17.890473,62.508287]]],[[[21.081228,62.577623],[21.089366,62.573961],[21.094737,62.56863],[21.094574,62.559394],[21.086762,62.543606],[21.088878,62.53795],[21.09075,62.535671],[21.090343,62.531602],[21.088064,62.529731],[21.067393,62.535102],[21.064138,62.537746],[21.056,62.540066],[21.054535,62.544501],[21.055349,62.555772],[21.067068,62.563992],[21.064871,62.564195],[21.057953,62.562242],[21.055349,62.564032],[21.056488,62.565294],[21.073741,62.576321],[21.081228,62.577623]]],[[[18.076427,62.666368],[18.088715,62.664822],[18.101899,62.659654],[18.099132,62.653022],[18.089773,62.640937],[18.011322,62.657823],[18.008556,62.661363],[18.01474,62.665839],[18.021495,62.668647],[18.072195,62.671942],[18.078136,62.669053],[18.076427,62.666368]]],[[[21.072276,62.706163],[21.064301,62.706285],[21.055349,62.711168],[21.051606,62.720526],[21.051117,62.73664],[21.053315,62.743476],[21.061778,62.745876],[21.084483,62.737169],[21.090099,62.728583],[21.091156,62.722642],[21.083669,62.713894],[21.076264,62.709703],[21.072276,62.706163]]],[[[18.216319,62.779568],[18.224946,62.783922],[18.238699,62.783311],[18.239024,62.77615],[18.225922,62.770372],[18.207693,62.755723],[18.19988,62.753323],[18.196462,62.761298],[18.199392,62.766466],[18.216319,62.779568]]],[[[17.966807,62.773017],[17.961843,62.782457],[17.962738,62.786811],[18.007091,62.782701],[18.020437,62.77733],[18.02589,62.769436],[18.021332,62.762844],[18.013845,62.759752],[18.006277,62.759589],[17.996593,62.753689],[17.990571,62.755642],[17.966807,62.773017]]],[[[18.299571,62.838121],[18.301768,62.844794],[18.305349,62.839016],[18.303233,62.832384],[18.299571,62.838121]]],[[[21.137055,62.83157],[21.134613,62.833319],[21.130219,62.833686],[21.113292,62.830186],[21.110688,62.828884],[21.099539,62.834377],[21.098481,62.838324],[21.115082,62.848619],[21.140554,62.847154],[21.140636,62.84809],[21.136567,62.849189],[21.135265,62.854478],[21.139171,62.860867],[21.147634,62.864122],[21.157074,62.864447],[21.16269,62.862698],[21.16505,62.862616],[21.167003,62.865017],[21.166108,62.871121],[21.169932,62.871568],[21.188324,62.865587],[21.19866,62.865017],[21.217865,62.859971],[21.220632,62.855943],[21.218679,62.844631],[21.202322,62.834988],[21.140961,62.829332],[21.137055,62.83157]]],[[[17.899099,62.905585],[17.899181,62.900906],[17.885997,62.891466],[17.878591,62.891466],[17.875011,62.896104],[17.876069,62.901272],[17.880544,62.903754],[17.888845,62.905585],[17.899099,62.905585]]],[[[21.217459,62.874905],[21.207856,62.879096],[21.205414,62.885403],[21.207205,62.890774],[21.17628,62.907823],[21.171641,62.914903],[21.17449,62.923611],[21.183035,62.926703],[21.206716,62.920478],[21.208995,62.916042],[21.236013,62.892198],[21.239431,62.88349],[21.239594,62.87287],[21.229177,62.871243],[21.217459,62.874905]]],[[[21.091482,62.915351],[21.085053,62.923407],[21.094656,62.927232],[21.099294,62.918524],[21.092784,62.916612],[21.091482,62.915351]]],[[[20.949067,62.964545],[20.958263,62.965196],[20.962657,62.963121],[20.961762,62.95893],[20.957367,62.958319],[20.949067,62.964545]]],[[[20.844249,62.978258],[20.84783,62.975816],[20.851492,62.972886],[20.847748,62.97016],[20.843842,62.968492],[20.842703,62.964748],[20.837738,62.963894],[20.833669,62.965522],[20.8331,62.971055],[20.836192,62.97545],[20.83017,62.973944],[20.832774,62.978909],[20.839203,62.981676],[20.844249,62.978258]]],[[[18.651866,63.017361],[18.659841,63.016466],[18.660981,63.009141],[18.659516,62.999213],[18.656179,62.990261],[18.649669,62.984158],[18.625987,62.974555],[18.619884,62.97956],[18.62558,63.001207],[18.627859,63.005601],[18.651866,63.017361]]],[[[21.207205,63.024075],[21.209483,63.023017],[21.209809,63.01968],[21.217296,63.010403],[21.221202,63.008612],[21.22519,63.01085],[21.22934,63.011054],[21.232595,63.006659],[21.235118,63.00141],[21.239675,62.998847],[21.245046,62.997423],[21.250011,62.99372],[21.250987,62.988674],[21.247813,62.984442],[21.241954,62.982937],[21.232432,62.987698],[21.223969,62.995307],[21.197602,62.997178],[21.191824,63.003689],[21.190929,63.012071],[21.194102,63.023993],[21.195649,63.026028],[21.199718,63.026842],[21.207205,63.024075]]],[[[18.5442,63.057929],[18.552175,63.055691],[18.564626,63.054918],[18.567556,63.050686],[18.558686,63.048936],[18.550955,63.041368],[18.547862,63.033311],[18.544281,63.030137],[18.520518,63.022732],[18.512706,63.016791],[18.504324,63.015448],[18.498139,63.019761],[18.495209,63.025539],[18.497325,63.027615],[18.501638,63.028388],[18.501313,63.032213],[18.497895,63.03734],[18.500173,63.046291],[18.508149,63.054145],[18.540294,63.063625],[18.5442,63.057929]]],[[[18.625173,63.06391],[18.622406,63.057563],[18.619965,63.054674],[18.617524,63.053575],[18.610688,63.061021],[18.607921,63.073554],[18.619314,63.07982],[18.629242,63.076321],[18.628347,63.070095],[18.625173,63.06391]]],[[[18.733084,63.084337],[18.732839,63.077501],[18.734793,63.069119],[18.734793,63.061957],[18.730072,63.064317],[18.726248,63.072089],[18.726248,63.079901],[18.728201,63.086208],[18.731944,63.087836],[18.733084,63.084337]]],[[[20.800466,63.120266],[20.809906,63.123155],[20.815115,63.109158],[20.807872,63.10281],[20.803559,63.108466],[20.796072,63.100328],[20.791759,63.106553],[20.795421,63.113552],[20.800466,63.120266]]],[[[18.761404,63.122504],[18.761811,63.130845],[18.769216,63.126654],[18.768809,63.118354],[18.761404,63.122504]]],[[[18.780284,63.145128],[18.814301,63.141832],[18.813813,63.136908],[18.791189,63.131822],[18.784353,63.133165],[18.77947,63.136217],[18.774994,63.141181],[18.780284,63.145128]]],[[[18.682384,63.141872],[18.684581,63.133205],[18.676443,63.130561],[18.663259,63.134223],[18.656749,63.138251],[18.658051,63.146755],[18.66627,63.152696],[18.672699,63.151435],[18.678396,63.147366],[18.682384,63.141872]]],[[[18.830821,63.151435],[18.848481,63.159857],[18.864919,63.158718],[18.843842,63.14704],[18.835704,63.146796],[18.830821,63.151435]]],[[[18.884288,63.193874],[18.902354,63.195095],[18.905854,63.189399],[18.899425,63.187405],[18.897472,63.184963],[18.89324,63.184882],[18.878998,63.18891],[18.884288,63.193874]]],[[[20.659679,63.239244],[20.663259,63.245266],[20.678722,63.248562],[20.675792,63.242947],[20.665212,63.241116],[20.659679,63.239244]]],[[[19.171804,63.279405],[19.182302,63.272528],[19.183279,63.267971],[19.180837,63.266018],[19.166433,63.27147],[19.159923,63.277371],[19.171804,63.279405]]],[[[21.685883,63.315863],[21.694428,63.306586],[21.69516,63.299465],[21.679454,63.295111],[21.676606,63.287706],[21.676117,63.27969],[21.678396,63.274034],[21.678803,63.267727],[21.676524,63.255479],[21.669932,63.255194],[21.650076,63.259467],[21.638276,63.266588],[21.637218,63.284695],[21.639334,63.288764],[21.646251,63.294379],[21.641531,63.296251],[21.639008,63.298651],[21.646332,63.301093],[21.648285,63.302924],[21.648448,63.304755],[21.645844,63.306667],[21.638031,63.308539],[21.638357,63.309434],[21.645356,63.310411],[21.650727,63.313341],[21.654226,63.317003],[21.657807,63.318834],[21.670095,63.31623],[21.671153,63.319729],[21.673513,63.320828],[21.681,63.3192],[21.685883,63.315863]]],[[[21.780203,63.289659],[21.785818,63.285427],[21.787201,63.280504],[21.77589,63.277777],[21.766938,63.272488],[21.766775,63.26789],[21.730317,63.279853],[21.726248,63.2838],[21.715099,63.303941],[21.698985,63.312405],[21.691091,63.319281],[21.688324,63.32567],[21.689138,63.328233],[21.692149,63.328111],[21.709076,63.32095],[21.712494,63.314724],[21.716807,63.310492],[21.733735,63.31269],[21.737722,63.31212],[21.767263,63.295762],[21.770193,63.291571],[21.769867,63.288398],[21.773123,63.288316],[21.780203,63.289659]]],[[[21.658376,63.386868],[21.652436,63.391221],[21.642507,63.38996],[21.643158,63.397488],[21.653412,63.395006],[21.672374,63.397773],[21.682628,63.397528],[21.687918,63.392808],[21.685557,63.390611],[21.68865,63.387641],[21.678559,63.38467],[21.673025,63.379991],[21.661225,63.379991],[21.655935,63.380927],[21.66033,63.385647],[21.661632,63.386868],[21.658376,63.386868]]],[[[21.060883,63.424221],[21.060395,63.426296],[21.059906,63.427761],[21.062999,63.430894],[21.06894,63.429836],[21.077647,63.429836],[21.083425,63.426744],[21.092703,63.427558],[21.093028,63.424221],[21.085297,63.424221],[21.085541,63.422878],[21.085623,63.418199],[21.081309,63.415554],[21.06894,63.416449],[21.062836,63.422268],[21.064626,63.422471],[21.060883,63.424221]]],[[[19.40504,63.449449],[19.410167,63.456122],[19.41505,63.452623],[19.414561,63.450588],[19.412771,63.443142],[19.406423,63.439805],[19.406179,63.444403],[19.40504,63.449449]]],[[[21.820893,63.456326],[21.828543,63.450873],[21.831472,63.44774],[21.832367,63.442369],[21.831391,63.436957],[21.828949,63.43419],[21.800059,63.435085],[21.795584,63.437161],[21.79949,63.439276],[21.804861,63.440172],[21.804373,63.442288],[21.801931,63.446479],[21.800466,63.450914],[21.795177,63.45307],[21.788097,63.453599],[21.78712,63.455349],[21.791026,63.458523],[21.794281,63.462551],[21.79892,63.464871],[21.806,63.464301],[21.809337,63.462592],[21.811534,63.460517],[21.820893,63.456326]]],[[[19.500418,63.460354],[19.516694,63.451687],[19.533865,63.446397],[19.526052,63.436713],[19.510916,63.44123],[19.508474,63.446397],[19.506684,63.447496],[19.502208,63.446763],[19.499848,63.449205],[19.493093,63.457261],[19.489268,63.471584],[19.494477,63.467922],[19.500418,63.460354]]],[[[19.88502,63.485582],[19.897472,63.49022],[19.901459,63.475898],[19.894623,63.477769],[19.889659,63.474677],[19.88502,63.485582]]],[[[19.881928,63.556627],[19.886567,63.548814],[19.880056,63.539944],[19.875987,63.531358],[19.872325,63.540717],[19.869802,63.545518],[19.874197,63.547593],[19.873546,63.556586],[19.875662,63.56623],[19.881928,63.556627]]],[[[22.44752,63.558905],[22.448741,63.554307],[22.451834,63.548611],[22.453217,63.542426],[22.447683,63.540758],[22.440847,63.548489],[22.437348,63.556545],[22.426443,63.568264],[22.423757,63.573432],[22.422944,63.577786],[22.429047,63.580919],[22.45281,63.571357],[22.452159,63.569037],[22.448741,63.568427],[22.444184,63.568549],[22.440766,63.56627],[22.443044,63.562405],[22.44752,63.558905]]],[[[20.785981,63.618476],[20.785411,63.612779],[20.780935,63.607164],[20.780772,63.60399],[20.782888,63.601589],[20.781749,63.599595],[20.774994,63.596259],[20.760427,63.592882],[20.74936,63.597886],[20.751313,63.603502],[20.757172,63.607896],[20.760265,63.607245],[20.764578,63.602444],[20.766449,63.603258],[20.771007,63.611721],[20.771902,63.616482],[20.778982,63.6199],[20.785981,63.618476]]],[[[22.388357,63.616848],[22.403331,63.604315],[22.402354,63.599595],[22.399832,63.593695],[22.392589,63.589748],[22.384451,63.590155],[22.383556,63.598131],[22.368907,63.600369],[22.361339,63.603624],[22.359304,63.608588],[22.359793,63.615871],[22.362885,63.622585],[22.373464,63.623643],[22.388357,63.616848]]],[[[20.271007,63.660915],[20.27711,63.65884],[20.280365,63.654079],[20.27475,63.648464],[20.258311,63.661241],[20.2671,63.658759],[20.271007,63.660915]]],[[[22.82016,63.730658],[22.82838,63.725898],[22.828787,63.720282],[22.818696,63.716213],[22.816824,63.714504],[22.811453,63.714504],[22.801036,63.717068],[22.795095,63.722073],[22.797618,63.725938],[22.811371,63.730211],[22.82016,63.730658]]],[[[20.567882,63.741441],[20.57252,63.745998],[20.579438,63.733629],[20.579275,63.721991],[20.572765,63.728217],[20.569102,63.730658],[20.566742,63.730536],[20.562022,63.73074],[20.561371,63.738267],[20.567882,63.741441]]],[[[22.626964,63.779242],[22.642426,63.775295],[22.651215,63.769436],[22.648855,63.766872],[22.627696,63.770128],[22.620779,63.763617],[22.615489,63.754462],[22.603119,63.753119],[22.589692,63.759833],[22.589203,63.768337],[22.594574,63.772813],[22.596365,63.775133],[22.60727,63.778347],[22.626964,63.779242]]],[[[22.567638,63.771389],[22.568533,63.766669],[22.569916,63.763048],[22.554373,63.748765],[22.548839,63.751247],[22.551931,63.755642],[22.553233,63.763048],[22.559744,63.766588],[22.55893,63.770168],[22.553803,63.774929],[22.554698,63.782375],[22.566173,63.773668],[22.568044,63.77261],[22.567638,63.771389]]],[[[20.578217,63.793199],[20.582937,63.794257],[20.587006,63.788031],[20.583588,63.780829],[20.57602,63.778754],[20.568696,63.774929],[20.567719,63.774929],[20.570323,63.783962],[20.578217,63.793199]]],[[[20.696869,63.80386],[20.698822,63.809068],[20.709321,63.810899],[20.707205,63.805162],[20.701345,63.802843],[20.695486,63.797838],[20.694916,63.798448],[20.696869,63.80386]]],[[[21.016531,63.804755],[21.010916,63.802354],[20.999604,63.801134],[21.002615,63.810777],[21.01531,63.814154],[21.017426,63.811998],[21.016531,63.804755]]],[[[22.619558,63.801011],[22.615571,63.801622],[22.612397,63.801256],[22.611908,63.797593],[22.612478,63.79092],[22.607758,63.788804],[22.600515,63.796129],[22.591401,63.810574],[22.59433,63.812567],[22.599294,63.813422],[22.602712,63.816433],[22.623709,63.809597],[22.63087,63.809353],[22.636404,63.806505],[22.636485,63.80329],[22.619558,63.801011]]],[[[22.644949,63.832628],[22.653331,63.828559],[22.657644,63.819892],[22.657888,63.814439],[22.656016,63.811957],[22.649994,63.809475],[22.642263,63.809801],[22.638845,63.814439],[22.639822,63.820014],[22.638682,63.825873],[22.639008,63.830593],[22.644949,63.832628]]],[[[22.981456,63.837226],[22.989106,63.840481],[22.994965,63.836453],[22.993826,63.832994],[22.986095,63.83161],[22.976817,63.83393],[22.981456,63.837226]]],[[[22.825125,63.862494],[22.82073,63.869778],[22.830658,63.868313],[22.839041,63.861518],[22.825125,63.862494]]],[[[22.764985,63.85989],[22.757498,63.862698],[22.755382,63.866604],[22.755056,63.87405],[22.764334,63.875718],[22.774669,63.873969],[22.77825,63.869005],[22.779714,63.86282],[22.778982,63.859442],[22.773285,63.858181],[22.764985,63.85989]]],[[[22.799897,63.921007],[22.812999,63.922349],[22.819102,63.917792],[22.82073,63.912706],[22.805512,63.911363],[22.796072,63.915066],[22.799897,63.921007]]],[[[22.780528,63.918769],[22.780447,63.915188],[22.777761,63.912218],[22.748383,63.918199],[22.747895,63.921413],[22.762136,63.924872],[22.775727,63.924669],[22.779714,63.921617],[22.780528,63.918769]]],[[[23.294526,63.948432],[23.303396,63.947821],[23.310069,63.946234],[23.30185,63.934963],[23.286388,63.939683],[23.291026,63.946682],[23.294526,63.948432]]],[[[23.214447,63.943427],[23.219981,63.942491],[23.225922,63.939195],[23.220958,63.932481],[23.2081,63.932359],[23.198253,63.937812],[23.191824,63.940497],[23.18865,63.950303],[23.192231,63.954739],[23.198416,63.954739],[23.202566,63.956488],[23.208344,63.95246],[23.210785,63.949205],[23.211599,63.947496],[23.214447,63.943427]]],[[[23.525808,64.085761],[23.527924,64.081692],[23.532563,64.079983],[23.53004,64.076158],[23.52239,64.076117],[23.521169,64.075141],[23.513194,64.084052],[23.517914,64.083645],[23.520681,64.085476],[23.52239,64.087063],[23.525808,64.085761]]],[[[23.544526,64.085557],[23.549897,64.070502],[23.546886,64.068386],[23.54005,64.073757],[23.533702,64.083441],[23.533295,64.087877],[23.53712,64.08869],[23.544526,64.085557]]],[[[23.402517,64.08808],[23.406423,64.092312],[23.41212,64.086982],[23.408946,64.086982],[23.402517,64.08808]]],[[[23.628103,64.156073],[23.640961,64.152615],[23.651703,64.143907],[23.648285,64.143052],[23.638845,64.146796],[23.63144,64.149319],[23.629161,64.151801],[23.628103,64.156073]]],[[[23.675792,64.187161],[23.681244,64.187934],[23.68808,64.180406],[23.680349,64.182034],[23.675629,64.182074],[23.675792,64.187161]]],[[[21.128917,64.187201],[21.12615,64.187283],[21.110688,64.194159],[21.122081,64.194607],[21.128917,64.187201]]],[[[23.558604,64.194159],[23.567882,64.19538],[23.573171,64.188747],[23.569184,64.187283],[23.557384,64.191026],[23.558604,64.194159]]],[[[23.668793,64.184801],[23.67449,64.180406],[23.683116,64.175157],[23.677582,64.172349],[23.668142,64.17418],[23.662608,64.181383],[23.658214,64.18476],[23.656179,64.189399],[23.658621,64.196275],[23.665375,64.187486],[23.668793,64.184801]]],[[[23.64503,64.202786],[23.649587,64.199205],[23.651866,64.19123],[23.64975,64.184801],[23.644786,64.185207],[23.639903,64.187934],[23.626638,64.182237],[23.604259,64.180569],[23.597667,64.184394],[23.599294,64.18891],[23.603852,64.189846],[23.609467,64.188381],[23.618663,64.195665],[23.629487,64.197211],[23.633311,64.198879],[23.635916,64.201402],[23.639822,64.202908],[23.64503,64.202786]]],[[[23.644298,64.204901],[23.638927,64.207302],[23.637543,64.210395],[23.63852,64.213772],[23.644867,64.213975],[23.649343,64.209093],[23.644298,64.204901]]],[[[23.683442,64.223985],[23.686534,64.220608],[23.686209,64.21719],[23.682221,64.219224],[23.683442,64.223985]]],[[[23.648285,64.236802],[23.65447,64.233669],[23.654796,64.229397],[23.648285,64.229031],[23.646169,64.231391],[23.648285,64.236802]]],[[[23.519379,64.309841],[23.515636,64.308702],[23.508962,64.30858],[23.511648,64.3133],[23.515636,64.315009],[23.519054,64.313747],[23.519379,64.309841]]],[[[24.250418,64.503689],[24.255544,64.506293],[24.26116,64.505561],[24.268647,64.50373],[24.265554,64.499986],[24.255789,64.500149],[24.250418,64.503689]]],[[[21.511078,64.592108],[21.509207,64.59219],[21.502452,64.593736],[21.500418,64.601345],[21.508881,64.597764],[21.510834,64.594835],[21.511078,64.592108]]],[[[24.378429,64.638902],[24.381847,64.641995],[24.383962,64.635159],[24.379649,64.635159],[24.378429,64.638902]]],[[[24.398204,64.679348],[24.403168,64.68126],[24.409272,64.679307],[24.406505,64.672838],[24.401378,64.671251],[24.398204,64.679348]]],[[[24.375824,64.681789],[24.381602,64.685696],[24.385183,64.683376],[24.378998,64.681789],[24.375824,64.681789]]],[[[24.435232,64.700548],[24.44516,64.703152],[24.453624,64.697984],[24.451182,64.694932],[24.432953,64.69538],[24.435232,64.700548]]],[[[24.387055,64.70893],[24.387055,64.711412],[24.393077,64.709703],[24.389578,64.707424],[24.387055,64.70893]]],[[[21.123871,64.702989],[21.122406,64.708848],[21.125336,64.713406],[21.137462,64.713772],[21.151052,64.708604],[21.15325,64.702541],[21.149587,64.698432],[21.150808,64.692898],[21.155935,64.687649],[21.162446,64.686225],[21.170502,64.692694],[21.182302,64.695461],[21.193533,64.691148],[21.202566,64.685126],[21.208344,64.6765],[21.206879,64.672675],[21.201345,64.672593],[21.194102,64.670885],[21.13795,64.683743],[21.131277,64.687161],[21.132579,64.69005],[21.125743,64.698472],[21.123871,64.702989]]],[[[24.695323,64.858751],[24.705821,64.865749],[24.706554,64.86225],[24.698497,64.855984],[24.689789,64.854397],[24.688243,64.854315],[24.689789,64.858303],[24.695323,64.858751]]],[[[21.268403,64.880764],[21.258067,64.887152],[21.254893,64.896186],[21.255463,64.902899],[21.259532,64.906521],[21.26767,64.905707],[21.288259,64.897121],[21.290294,64.893704],[21.297944,64.88642],[21.299653,64.879055],[21.297862,64.874498],[21.288748,64.872178],[21.278412,64.874213],[21.268403,64.880764]]],[[[24.767507,64.93476],[24.77589,64.933905],[24.783539,64.927598],[24.778005,64.923326],[24.769542,64.919176],[24.75058,64.921007],[24.754487,64.926052],[24.759369,64.931342],[24.767507,64.93476]]],[[[25.305349,65.001247],[25.317231,64.999254],[25.323741,64.998358],[25.315766,64.994534],[25.305349,64.998603],[25.295339,64.997992],[25.287039,64.999538],[25.283702,65.000149],[25.285818,65.002509],[25.291677,65.001736],[25.305349,65.001247]]],[[[25.340668,65.100246],[25.344819,65.098293],[25.347341,65.095811],[25.345958,65.092882],[25.338552,65.087307],[25.330089,65.079698],[25.312348,65.085801],[25.309581,65.097927],[25.32602,65.099595],[25.340668,65.100246]]],[[[21.567882,65.09752],[21.588145,65.104844],[21.60727,65.097642],[21.606375,65.086737],[21.589936,65.087958],[21.582205,65.088568],[21.579682,65.085801],[21.569591,65.083645],[21.567068,65.08511],[21.566742,65.087551],[21.56894,65.087958],[21.570323,65.091051],[21.567882,65.09752]]],[[[25.232595,65.104193],[25.237234,65.096869],[25.239513,65.093492],[25.238373,65.08808],[25.234141,65.087348],[25.227957,65.088487],[25.223643,65.089504],[25.216156,65.090969],[25.207042,65.092515],[25.198253,65.093614],[25.195079,65.095852],[25.197765,65.100898],[25.203461,65.104193],[25.2199,65.106676],[25.225922,65.106187],[25.232595,65.104193]]],[[[25.192068,65.112087],[25.197358,65.109442],[25.187185,65.109117],[25.178152,65.106676],[25.168549,65.10932],[25.16212,65.108832],[25.157156,65.104193],[25.149506,65.100165],[25.140717,65.099189],[25.145681,65.105129],[25.151215,65.107896],[25.152843,65.11107],[25.155935,65.112576],[25.160574,65.113837],[25.165375,65.114773],[25.169688,65.115953],[25.178722,65.115465],[25.185557,65.112942],[25.192068,65.112087]]],[[[25.127452,65.139716],[25.132172,65.142524],[25.137625,65.138007],[25.135346,65.132921],[25.129975,65.131537],[25.122081,65.130276],[25.121186,65.130927],[25.123546,65.135037],[25.127452,65.139716]]],[[[21.711274,65.125596],[21.717296,65.130357],[21.718516,65.135321],[21.708832,65.144599],[21.723481,65.138414],[21.732107,65.13406],[21.736827,65.133246],[21.728038,65.125881],[21.714773,65.124701],[21.711274,65.125596]]],[[[21.663829,65.135565],[21.653087,65.14057],[21.657074,65.144761],[21.655365,65.148057],[21.667817,65.151801],[21.685557,65.140896],[21.693858,65.134508],[21.693289,65.129991],[21.689301,65.128445],[21.674001,65.130072],[21.663829,65.135565]]],[[[21.950531,65.186428],[21.950369,65.180162],[21.930268,65.183376],[21.918468,65.186143],[21.922699,65.189399],[21.938813,65.189521],[21.950531,65.186428]]],[[[21.875011,65.202053],[21.894542,65.193223],[21.909679,65.180162],[21.902192,65.183865],[21.886729,65.18948],[21.872895,65.195258],[21.875011,65.202053]]],[[[21.847992,65.205227],[21.849946,65.201077],[21.850352,65.193549],[21.843842,65.192125],[21.836518,65.19477],[21.833507,65.196194],[21.827729,65.198554],[21.819509,65.203843],[21.794363,65.214057],[21.768647,65.223782],[21.76352,65.232245],[21.772553,65.237291],[21.783214,65.237616],[21.786957,65.23546],[21.790863,65.233913],[21.800059,65.233751],[21.809906,65.233425],[21.814464,65.230496],[21.819672,65.2272],[21.826589,65.225938],[21.832367,65.223131],[21.834972,65.221544],[21.840343,65.218329],[21.843598,65.216213],[21.84726,65.211412],[21.84669,65.207343],[21.847992,65.205227]]],[[[24.909353,65.24433],[24.916515,65.242743],[24.919526,65.238715],[24.915863,65.238715],[24.909353,65.24433]]],[[[25.217133,65.262437],[25.206065,65.258043],[25.196137,65.260362],[25.19988,65.262681],[25.202647,65.267076],[25.214041,65.267849],[25.227061,65.266872],[25.217133,65.262437]]],[[[21.933035,65.278388],[21.933035,65.279771],[21.941824,65.278917],[21.947439,65.272569],[21.944672,65.271715],[21.938324,65.274522],[21.933035,65.278388]]],[[[21.853282,65.26081],[21.86085,65.256944],[21.863617,65.248969],[21.861176,65.242214],[21.854096,65.242174],[21.845876,65.248643],[21.837657,65.254381],[21.824067,65.251654],[21.81365,65.250352],[21.808767,65.253485],[21.798188,65.253323],[21.777436,65.256781],[21.759939,65.271308],[21.750824,65.284654],[21.758311,65.286933],[21.771332,65.286038],[21.778982,65.285956],[21.792654,65.282986],[21.800873,65.278225],[21.809662,65.273953],[21.818777,65.269965],[21.830821,65.266872],[21.844412,65.263495],[21.853282,65.26081]]],[[[22.373139,65.311225],[22.370779,65.310329],[22.353363,65.317979],[22.358246,65.321031],[22.368582,65.319078],[22.375011,65.318834],[22.375499,65.314114],[22.373139,65.311225]]],[[[21.761078,65.334377],[21.766775,65.334052],[21.776785,65.332506],[21.79599,65.328477],[21.811046,65.320258],[21.815359,65.313951],[21.794851,65.31505],[21.76531,65.320014],[21.752126,65.32571],[21.752452,65.331366],[21.761078,65.334377]]],[[[25.285492,65.334093],[25.286876,65.329657],[25.278656,65.332139],[25.260916,65.325303],[25.255219,65.327135],[25.250906,65.329657],[25.246755,65.331041],[25.23878,65.332017],[25.250499,65.335395],[25.265147,65.337307],[25.277192,65.337755],[25.285492,65.334093]]],[[[21.910981,65.343655],[21.911794,65.341864],[21.911957,65.33926],[21.91033,65.337755],[21.905365,65.340888],[21.901052,65.339626],[21.895681,65.342434],[21.890473,65.343329],[21.886729,65.343655],[21.879893,65.34398],[21.87794,65.348944],[21.882416,65.348375],[21.894705,65.352688],[21.907888,65.345893],[21.910981,65.343655]]],[[[22.458344,65.362047],[22.461925,65.362128],[22.467133,65.362006],[22.47755,65.359483],[22.47877,65.356798],[22.468923,65.35456],[22.450694,65.351101],[22.442719,65.352403],[22.45102,65.358303],[22.458344,65.362047]]],[[[22.451182,65.384792],[22.454275,65.389431],[22.462657,65.390489],[22.472016,65.386054],[22.478526,65.37816],[22.469574,65.375596],[22.45517,65.380316],[22.451182,65.384792]]],[[[24.816824,65.389228],[24.82488,65.389919],[24.846283,65.390977],[24.844005,65.384996],[24.832367,65.378852],[24.828054,65.375759],[24.821137,65.37519],[24.819591,65.376003],[24.819265,65.378241],[24.816498,65.38109],[24.815929,65.386664],[24.816824,65.389228]]],[[[21.672048,65.380316],[21.664643,65.382676],[21.659353,65.386623],[21.662201,65.390855],[21.672862,65.390489],[21.685395,65.386379],[21.694835,65.383979],[21.698416,65.384182],[21.699229,65.388088],[21.702403,65.392279],[21.713634,65.394192],[21.732107,65.39289],[21.742361,65.391262],[21.752778,65.38935],[21.774181,65.383775],[21.790863,65.375515],[21.799978,65.369696],[21.808279,65.36522],[21.813813,65.359524],[21.819591,65.354804],[21.82488,65.348293],[21.810802,65.345974],[21.789806,65.350328],[21.777436,65.353624],[21.768403,65.356676],[21.760753,65.35928],[21.75408,65.362291],[21.744721,65.367784],[21.736583,65.372138],[21.732921,65.374986],[21.730886,65.37637],[21.72698,65.37877],[21.721934,65.383287],[21.717703,65.383368],[21.714854,65.376207],[21.708344,65.372748],[21.695974,65.374945],[21.690278,65.375434],[21.686778,65.375881],[21.679617,65.378201],[21.672048,65.380316]]],[[[21.817231,65.379665],[21.804861,65.381293],[21.791677,65.391099],[21.795828,65.394477],[21.805919,65.390163],[21.82309,65.384263],[21.838552,65.377672],[21.835704,65.377672],[21.817231,65.379665]]],[[[22.432546,65.360256],[22.430186,65.357733],[22.424001,65.359117],[22.414968,65.364529],[22.409923,65.367865],[22.406749,65.370103],[22.389659,65.378201],[22.37322,65.389228],[22.375173,65.395128],[22.382498,65.393337],[22.388682,65.386949],[22.397227,65.381578],[22.402599,65.380154],[22.418793,65.375596],[22.429128,65.373725],[22.437348,65.369127],[22.43393,65.364285],[22.432546,65.360256]]],[[[21.996104,65.373277],[21.976492,65.380968],[21.971528,65.387641],[21.97877,65.394884],[21.993012,65.396633],[21.999522,65.394477],[22.007091,65.392361],[22.017589,65.388414],[22.023367,65.380927],[22.025564,65.372341],[22.018077,65.369167],[21.996104,65.373277]]],[[[22.506358,65.411973],[22.516124,65.410305],[22.521495,65.409491],[22.528982,65.403957],[22.528494,65.398586],[22.525808,65.397895],[22.522146,65.396959],[22.513845,65.396145],[22.507009,65.397203],[22.505138,65.398057],[22.501801,65.39997],[22.496755,65.403469],[22.490733,65.407986],[22.491547,65.412299],[22.506358,65.411973]]],[[[22.051606,65.396308],[22.041596,65.399685],[22.035085,65.405341],[22.038422,65.411607],[22.051443,65.413153],[22.059255,65.410631],[22.063487,65.409532],[22.068696,65.407213],[22.06837,65.403347],[22.063487,65.400092],[22.058442,65.397854],[22.051606,65.396308]]],[[[24.99936,65.425605],[25.015636,65.419664],[25.0206,65.41706],[25.017589,65.415229],[25.011404,65.410956],[25.004893,65.410305],[24.997732,65.406399],[24.992361,65.408352],[24.990245,65.412869],[24.994965,65.418484],[24.990001,65.421454],[24.992198,65.423855],[24.995291,65.423407],[24.997162,65.425116],[24.99936,65.425605]]],[[[25.325206,65.422512],[25.320567,65.421861],[25.319998,65.425605],[25.32309,65.427436],[25.327647,65.428575],[25.330414,65.426215],[25.334076,65.424709],[25.335623,65.419664],[25.33253,65.417507],[25.325206,65.422512]]],[[[22.111013,65.436672],[22.115408,65.43887],[22.124197,65.435289],[22.130544,65.429348],[22.125824,65.427965],[22.118907,65.428575],[22.121104,65.42418],[22.122895,65.418118],[22.113699,65.41946],[22.10434,65.425116],[22.104503,65.427314],[22.108165,65.430854],[22.111013,65.436672]]],[[[22.606537,65.458523],[22.61671,65.463121],[22.630463,65.453925],[22.62615,65.451158],[22.619151,65.449246],[22.596772,65.451158],[22.600515,65.455959],[22.605968,65.458116],[22.606537,65.458523]]],[[[22.652192,65.463609],[22.640473,65.467393],[22.636241,65.473904],[22.64503,65.472317],[22.652192,65.473578],[22.652192,65.463609]]],[[[22.743175,65.489325],[22.741303,65.482571],[22.738617,65.477647],[22.740164,65.476182],[22.73878,65.471666],[22.732595,65.469062],[22.723725,65.470608],[22.717947,65.470404],[22.713715,65.470608],[22.7081,65.473741],[22.709321,65.476833],[22.713715,65.476671],[22.714936,65.478054],[22.716482,65.482896],[22.72226,65.486925],[22.730561,65.487901],[22.736013,65.490668],[22.739594,65.492987],[22.743175,65.489325]]],[[[22.066417,65.486477],[22.059581,65.489732],[22.058604,65.492336],[22.072683,65.494615],[22.084158,65.482245],[22.066417,65.486477]]],[[[21.989268,65.5008],[21.987722,65.504381],[21.99114,65.504055],[21.987966,65.505968],[21.992035,65.506537],[21.999522,65.505316],[22.01946,65.507229],[22.029389,65.505601],[22.029959,65.502061],[22.027843,65.499376],[22.027843,65.496487],[22.024343,65.497463],[22.011485,65.500312],[22.001964,65.499091],[22.009776,65.498603],[22.009776,65.493272],[22.001964,65.495998],[21.998057,65.498033],[21.995616,65.49901],[21.989268,65.5008]]],[[[22.55657,65.501085],[22.560639,65.49787],[22.565603,65.494045],[22.574799,65.485704],[22.577322,65.47838],[22.568207,65.474595],[22.544281,65.474026],[22.520681,65.476223],[22.511241,65.479397],[22.508962,65.480862],[22.507579,65.481838],[22.505382,65.48428],[22.503917,65.487576],[22.50172,65.490546],[22.501964,65.492743],[22.506765,65.500515],[22.518158,65.507717],[22.526296,65.50845],[22.531993,65.50845],[22.540701,65.509467],[22.5442,65.508857],[22.545909,65.506171],[22.549897,65.504665],[22.55657,65.501085]]],[[[22.713796,65.494289],[22.703298,65.492825],[22.679535,65.498887],[22.668549,65.508246],[22.678396,65.510769],[22.692312,65.508002],[22.705903,65.502509],[22.713715,65.497463],[22.713796,65.494289]]],[[[22.082937,65.497504],[22.082123,65.501614],[22.0796,65.506537],[22.0796,65.513414],[22.084483,65.515163],[22.09905,65.513088],[22.116222,65.508287],[22.118826,65.502631],[22.112478,65.5008],[22.10906,65.499416],[22.109304,65.497748],[22.107595,65.495266],[22.100759,65.493557],[22.094005,65.492133],[22.090017,65.488918],[22.086762,65.488349],[22.0831,65.492051],[22.082937,65.497504]]],[[[22.715505,65.530666],[22.724783,65.525662],[22.723481,65.517727],[22.702403,65.517157],[22.698985,65.526516],[22.715505,65.530666]]],[[[23.554698,65.53087],[23.557384,65.52029],[23.553966,65.521593],[23.552094,65.523708],[23.54949,65.527167],[23.544932,65.527126],[23.542654,65.525173],[23.53533,65.525458],[23.539724,65.529039],[23.554698,65.53087]]],[[[22.355235,65.526679],[22.340831,65.53384],[22.328705,65.539252],[22.334402,65.540025],[22.350597,65.535102],[22.359304,65.53026],[22.36671,65.527208],[22.380382,65.5185],[22.375743,65.509589],[22.363862,65.511868],[22.364106,65.515896],[22.362722,65.520209],[22.355235,65.526679]]],[[[22.411143,65.537299],[22.415863,65.543606],[22.42213,65.541124],[22.425873,65.538113],[22.424327,65.534613],[22.419363,65.534613],[22.411143,65.537299]]],[[[22.789073,65.527208],[22.78655,65.530626],[22.785167,65.534206],[22.783132,65.538682],[22.778412,65.543118],[22.773936,65.543524],[22.765473,65.54267],[22.75172,65.544623],[22.74464,65.551622],[22.751313,65.555894],[22.769216,65.551988],[22.780528,65.548774],[22.788585,65.546536],[22.803884,65.543769],[22.812673,65.539374],[22.810639,65.53384],[22.804047,65.532375],[22.80128,65.531033],[22.803477,65.527533],[22.806082,65.522284],[22.802582,65.519884],[22.794607,65.523383],[22.789073,65.527208]]],[[[24.821869,65.553249],[24.821137,65.552029],[24.812266,65.552395],[24.812836,65.556871],[24.821869,65.553249]]],[[[22.688813,65.54914],[22.677826,65.544379],[22.668305,65.544664],[22.659516,65.540513],[22.647227,65.538072],[22.640798,65.542141],[22.643484,65.547878],[22.646414,65.553209],[22.657563,65.558539],[22.680837,65.558132],[22.688813,65.54914]]],[[[22.791921,65.56802],[22.79949,65.565823],[22.806977,65.560126],[22.812022,65.555162],[22.807628,65.55093],[22.797699,65.548367],[22.783946,65.550849],[22.771007,65.55565],[22.769542,65.562364],[22.779959,65.567206],[22.787364,65.567572],[22.791921,65.56802]]],[[[23.752615,65.587999],[23.760834,65.576646],[23.771007,65.567613],[23.770844,65.561265],[23.768403,65.560248],[23.766205,65.559272],[23.759532,65.559638],[23.752289,65.562364],[23.74586,65.564358],[23.73821,65.567532],[23.731293,65.570054],[23.728526,65.570054],[23.725108,65.570014],[23.720714,65.571885],[23.719819,65.576565],[23.722504,65.579861],[23.725108,65.580349],[23.729991,65.581285],[23.735932,65.584215],[23.737153,65.586249],[23.738862,65.589342],[23.740896,65.593858],[23.744802,65.598578],[23.752452,65.604641],[23.757009,65.604641],[23.754893,65.598782],[23.752615,65.587999]]],[[[23.810802,65.604967],[23.813487,65.610256],[23.822439,65.604844],[23.819509,65.603095],[23.810802,65.604967]]],[[[25.05185,65.61164],[25.058686,65.60338],[25.054373,65.601508],[25.055675,65.599758],[25.056814,65.596055],[25.052908,65.595893],[25.050304,65.597602],[25.040131,65.60106],[25.031179,65.609036],[25.035411,65.610582],[25.05185,65.61164]]],[[[22.368988,65.607042],[22.367686,65.609361],[22.36671,65.611233],[22.374522,65.611802],[22.383149,65.607164],[22.381928,65.594387],[22.367686,65.599962],[22.367768,65.604641],[22.368988,65.607042]]],[[[24.191824,65.606513],[24.193614,65.612698],[24.200287,65.613634],[24.198904,65.605902],[24.194428,65.604926],[24.191824,65.606513]]],[[[24.027273,65.607733],[24.031261,65.61461],[24.037527,65.616807],[24.036957,65.611314],[24.033214,65.604682],[24.030691,65.601223],[24.021332,65.60338],[24.02475,65.605211],[24.027273,65.607733]]],[[[24.957774,65.607164],[24.96461,65.602932],[24.96518,65.598904],[24.955333,65.596259],[24.943858,65.601996],[24.93865,65.606635],[24.936534,65.614],[24.942475,65.62051],[24.950694,65.619289],[24.954682,65.613552],[24.962087,65.609931],[24.957774,65.607164]]],[[[22.414073,65.620022],[22.419932,65.623643],[22.429373,65.622789],[22.432953,65.620551],[22.439789,65.616482],[22.451589,65.610948],[22.458832,65.606228],[22.459158,65.603095],[22.457286,65.603095],[22.454194,65.603095],[22.445567,65.607042],[22.435639,65.612616],[22.423595,65.616238],[22.414073,65.620022]]],[[[24.701589,65.620551],[24.688813,65.623318],[24.688569,65.628974],[24.695323,65.627346],[24.701589,65.620551]]],[[[22.809418,65.633287],[22.816091,65.628689],[22.811127,65.625515],[22.806814,65.627672],[22.809418,65.633287]]],[[[24.881114,65.630764],[24.892996,65.635321],[24.894135,65.628079],[24.89031,65.624416],[24.882823,65.620551],[24.875336,65.622707],[24.874685,65.62759],[24.881114,65.630764]]],[[[22.487804,65.636217],[22.49171,65.623847],[22.482758,65.624254],[22.472585,65.639879],[22.487804,65.636217]]],[[[24.847911,65.640937],[24.857351,65.639879],[24.867849,65.637966],[24.865977,65.634874],[24.852224,65.634223],[24.847016,65.634223],[24.847911,65.640937]]],[[[22.618663,65.646064],[22.631358,65.647244],[22.646088,65.644639],[22.648855,65.635688],[22.635102,65.632392],[22.624278,65.634223],[22.619558,65.634874],[22.613617,65.638495],[22.613862,65.643785],[22.618663,65.646064]]],[[[22.990082,65.639716],[22.986095,65.634874],[22.976736,65.638699],[22.968923,65.641872],[22.962657,65.64704],[22.961436,65.651435],[22.963308,65.654975],[22.969493,65.654812],[22.971934,65.65176],[22.968598,65.650255],[22.974132,65.649807],[22.981781,65.646064],[22.990082,65.639716]]],[[[23.805512,65.638902],[23.809093,65.637844],[23.810232,65.634101],[23.805919,65.634223],[23.79477,65.635728],[23.792084,65.637966],[23.786469,65.636705],[23.763438,65.643297],[23.773448,65.649807],[23.776459,65.652655],[23.781423,65.655422],[23.792084,65.648546],[23.799653,65.644151],[23.805512,65.638902]]],[[[24.02947,65.652615],[24.033539,65.657579],[24.039887,65.65058],[24.033783,65.648546],[24.02947,65.652615]]],[[[23.562348,65.654812],[23.556244,65.656358],[23.561371,65.658515],[23.567231,65.655748],[23.562348,65.654812]]],[[[22.410248,65.662584],[22.419932,65.656358],[22.4074,65.655422],[22.398774,65.657416],[22.399832,65.66352],[22.410248,65.662584]]],[[[23.972992,65.658149],[23.977468,65.66352],[23.988455,65.658474],[23.981619,65.655422],[23.972992,65.658149]]],[[[23.828217,65.668362],[23.832774,65.660997],[23.83546,65.651597],[23.833832,65.649807],[23.827973,65.65294],[23.822358,65.655178],[23.821707,65.657213],[23.822358,65.659044],[23.821625,65.663804],[23.82016,65.668484],[23.828217,65.668362]]],[[[22.792328,65.661933],[22.795665,65.657782],[22.798025,65.653551],[22.787364,65.651679],[22.772065,65.654324],[22.76531,65.664537],[22.770437,65.668647],[22.776215,65.667467],[22.781993,65.669053],[22.787364,65.669135],[22.790457,65.666368],[22.792328,65.661933]]],[[[24.109793,65.676418],[24.122813,65.67414],[24.132498,65.666938],[24.129731,65.663398],[24.127289,65.66352],[24.125336,65.664455],[24.118826,65.667182],[24.11671,65.671495],[24.109793,65.676418]]],[[[23.016612,65.676459],[23.019786,65.670559],[23.02296,65.66474],[23.020356,65.664293],[23.015391,65.665351],[23.006602,65.664903],[22.997895,65.669135],[22.992605,65.672512],[22.990977,65.674302],[22.993663,65.676052],[22.999115,65.675971],[23.003184,65.676418],[23.010916,65.675971],[23.016612,65.676459]]],[[[24.141449,65.676907],[24.152517,65.675849],[24.155284,65.667873],[24.148936,65.667222],[24.141449,65.676907]]],[[[22.457856,65.671007],[22.453217,65.675198],[22.44988,65.676134],[22.451996,65.678697],[22.45753,65.678127],[22.462413,65.676581],[22.464692,65.678127],[22.471039,65.677436],[22.47283,65.667222],[22.457856,65.671007]]],[[[23.08253,65.67475],[23.088715,65.672756],[23.09197,65.668158],[23.091319,65.664089],[23.086762,65.662299],[23.079682,65.6612],[23.066091,65.663804],[23.056407,65.667222],[23.047699,65.670966],[23.044932,65.67536],[23.054535,65.673936],[23.060557,65.672471],[23.062673,65.675645],[23.063975,65.678616],[23.0678,65.678778],[23.074555,65.676663],[23.08253,65.67475]]],[[[22.717703,65.667222],[22.703217,65.67003],[22.689464,65.674262],[22.691661,65.678616],[22.700369,65.681871],[22.710053,65.680447],[22.714203,65.680162],[22.717377,65.677191],[22.722179,65.672227],[22.717703,65.667222]]],[[[22.897634,65.679063],[22.900727,65.675971],[22.901459,65.673204],[22.901378,65.670925],[22.899506,65.671007],[22.88738,65.672878],[22.875255,65.679063],[22.883149,65.682603],[22.892996,65.678738],[22.897634,65.679063]]],[[[24.483246,65.681301],[24.48585,65.684719],[24.4935,65.684923],[24.496837,65.681993],[24.493337,65.679104],[24.487722,65.678249],[24.483246,65.681301]]],[[[22.617198,65.655911],[22.606375,65.656358],[22.602468,65.656806],[22.598318,65.658637],[22.602794,65.662909],[22.612641,65.667873],[22.615815,65.672593],[22.613292,65.677843],[22.615245,65.679999],[22.61964,65.680121],[22.620046,65.68183],[22.618907,65.685126],[22.622244,65.687812],[22.631928,65.684719],[22.640229,65.677476],[22.641856,65.67003],[22.640473,65.664984],[22.641205,65.662177],[22.635753,65.657904],[22.617198,65.655911]]],[[[24.289561,65.689683],[24.294851,65.690253],[24.297211,65.687405],[24.294281,65.683295],[24.289317,65.682847],[24.280447,65.69656],[24.289561,65.689683]]],[[[23.976329,65.695258],[23.992442,65.69538],[23.999604,65.694688],[24.000987,65.694607],[24.001882,65.690823],[23.998383,65.685452],[23.990001,65.682359],[23.977143,65.682969],[23.965668,65.685533],[23.960867,65.6883],[23.958344,65.692043],[23.954275,65.694241],[23.952566,65.696316],[23.956309,65.699042],[23.96339,65.697333],[23.976329,65.695258]]],[[[24.622,65.700792],[24.624522,65.699368],[24.628429,65.696723],[24.633881,65.689724],[24.632253,65.684434],[24.626231,65.685045],[24.620453,65.688747],[24.613455,65.693061],[24.604747,65.694444],[24.595307,65.69123],[24.593598,65.684394],[24.599946,65.677191],[24.602468,65.672065],[24.600108,65.669135],[24.595551,65.668443],[24.589692,65.668199],[24.584972,65.666531],[24.584239,65.664049],[24.584483,65.659776],[24.581879,65.657904],[24.574962,65.657904],[24.56365,65.657213],[24.550873,65.659491],[24.543956,65.662828],[24.541677,65.663031],[24.53712,65.661851],[24.53061,65.663398],[24.524425,65.665758],[24.519705,65.66828],[24.517833,65.673],[24.520356,65.675442],[24.524913,65.674994],[24.528575,65.675971],[24.538422,65.675971],[24.553152,65.676785],[24.570649,65.684068],[24.581391,65.689317],[24.582856,65.690131],[24.586518,65.693101],[24.589692,65.697903],[24.594086,65.702867],[24.603363,65.703681],[24.61435,65.702175],[24.622,65.700792]]],[[[24.117361,65.698391],[24.111013,65.69717],[24.097016,65.704698],[24.087657,65.706],[24.097911,65.711697],[24.110281,65.705552],[24.107921,65.700263],[24.115733,65.701117],[24.117361,65.698391]]],[[[24.166189,65.707139],[24.171804,65.702175],[24.177664,65.697496],[24.177094,65.69656],[24.168386,65.69717],[24.168386,65.701524],[24.160818,65.703721],[24.158376,65.708848],[24.14739,65.708686],[24.131765,65.707913],[24.126313,65.710557],[24.1421,65.714952],[24.157807,65.715277],[24.166189,65.707139]]],[[[22.398611,65.713772],[22.408865,65.717393],[22.413748,65.717963],[22.420339,65.718207],[22.428396,65.717271],[22.427582,65.713975],[22.424978,65.707913],[22.427501,65.700588],[22.416433,65.700263],[22.403656,65.703396],[22.398936,65.704169],[22.393728,65.707872],[22.398611,65.713772]]],[[[24.535167,65.7119],[24.528494,65.70543],[24.52003,65.700914],[24.512625,65.700914],[24.511811,65.704332],[24.517182,65.710395],[24.520112,65.714219],[24.524099,65.720811],[24.532807,65.721218],[24.535167,65.7119]]],[[[22.554373,65.715888],[22.547537,65.717108],[22.540131,65.725857],[22.546072,65.726345],[22.551036,65.723049],[22.555024,65.719835],[22.55657,65.715766],[22.554373,65.715888]]],[[[23.191417,65.722846],[23.189138,65.719591],[23.181326,65.721462],[23.182953,65.725206],[23.188975,65.728298],[23.191417,65.722846]]],[[[22.576101,65.728583],[22.574229,65.727729],[22.560232,65.732204],[22.569347,65.733181],[22.576101,65.728583]]],[[[23.165538,65.73371],[23.175629,65.734076],[23.179617,65.727118],[23.174246,65.723944],[23.170502,65.728949],[23.165538,65.73371]]],[[[23.544526,65.726142],[23.541677,65.729112],[23.53297,65.733262],[23.538585,65.7414],[23.551117,65.73074],[23.561371,65.72427],[23.567231,65.715888],[23.555837,65.718248],[23.544526,65.726142]]],[[[23.51588,65.714219],[23.513438,65.709744],[23.507253,65.711168],[23.503835,65.714016],[23.502126,65.715155],[23.498057,65.71776],[23.493337,65.719753],[23.488536,65.720323],[23.486664,65.7237],[23.487641,65.731065],[23.487885,65.735745],[23.487885,65.740546],[23.493175,65.744859],[23.499197,65.742906],[23.500418,65.739325],[23.503266,65.734605],[23.509939,65.730699],[23.514252,65.72663],[23.516856,65.721991],[23.517019,65.718411],[23.51588,65.714219]]],[[[23.299978,65.715847],[23.290375,65.717108],[23.283132,65.720852],[23.28004,65.723334],[23.276459,65.72663],[23.273041,65.72956],[23.267996,65.735907],[23.257823,65.73786],[23.25115,65.733913],[23.253429,65.728542],[23.257986,65.723782],[23.263194,65.717108],[23.262869,65.713853],[23.258881,65.714342],[23.258556,65.712795],[23.261404,65.710476],[23.258962,65.707913],[23.25115,65.709337],[23.245779,65.713243],[23.243826,65.714342],[23.240245,65.716335],[23.236176,65.720201],[23.231456,65.722846],[23.223725,65.727037],[23.218272,65.730984],[23.212738,65.733344],[23.211355,65.738145],[23.218272,65.739407],[23.227387,65.734768],[23.235118,65.732489],[23.23585,65.735012],[23.22991,65.738349],[23.232758,65.744086],[23.24643,65.748643],[23.26059,65.74726],[23.2671,65.745673],[23.270763,65.744737],[23.277843,65.737291],[23.286469,65.727566],[23.297944,65.723497],[23.304942,65.719184],[23.299978,65.715847]]],[[[24.056977,65.747626],[24.065766,65.751736],[24.069835,65.744167],[24.067068,65.74079],[24.055024,65.738308],[24.050629,65.744045],[24.056977,65.747626]]],[[[23.421886,65.760362],[23.425141,65.75788],[23.429617,65.752427],[23.427745,65.743272],[23.424978,65.74315],[23.423106,65.744167],[23.415863,65.746405],[23.408295,65.74905],[23.412283,65.751858],[23.41269,65.754462],[23.416189,65.758409],[23.421886,65.760362]]],[[[23.190929,65.745714],[23.188487,65.749213],[23.186615,65.751614],[23.187511,65.753445],[23.192231,65.754218],[23.197195,65.756293],[23.198822,65.755113],[23.202566,65.75491],[23.205984,65.7567],[23.209321,65.758165],[23.213064,65.758246],[23.218354,65.759792],[23.224946,65.760728],[23.232432,65.756334],[23.240733,65.755276],[23.241628,65.751166],[23.234793,65.750393],[23.228363,65.747382],[23.21811,65.746853],[23.211436,65.74315],[23.205414,65.743272],[23.1963,65.743272],[23.190929,65.745714]]],[[[23.37143,65.756985],[23.370128,65.760728],[23.37615,65.762763],[23.374197,65.756985],[23.37143,65.756985]]],[[[23.885834,65.756415],[23.889334,65.76321],[23.896169,65.757676],[23.894623,65.753404],[23.892345,65.753241],[23.885834,65.756415]]],[[[23.244395,65.755845],[23.240164,65.760077],[23.25115,65.762274],[23.26767,65.763495],[23.273774,65.762397],[23.273611,65.760362],[23.273123,65.756415],[23.273285,65.750596],[23.272309,65.748847],[23.26002,65.751166],[23.244395,65.755845]]],[[[22.480317,65.763821],[22.474539,65.77025],[22.480642,65.770209],[22.483409,65.765408],[22.480317,65.763821]]],[[[24.22641,65.758938],[24.225841,65.757676],[24.218435,65.759711],[24.216563,65.763943],[24.210297,65.762722],[24.199148,65.765204],[24.195323,65.770819],[24.20517,65.774644],[24.214692,65.77261],[24.221528,65.767035],[24.223643,65.766384],[24.22641,65.768215],[24.23227,65.769151],[24.230479,65.76378],[24.226166,65.76024],[24.22641,65.758938]]],[[[24.51946,65.766669],[24.512625,65.758979],[24.508637,65.75434],[24.499115,65.749823],[24.487315,65.747585],[24.475922,65.752183],[24.473643,65.758612],[24.489513,65.767808],[24.507253,65.775173],[24.51531,65.778144],[24.517833,65.780056],[24.519786,65.781399],[24.527029,65.782091],[24.532807,65.776923],[24.529389,65.771552],[24.51946,65.766669]]],[[[22.612641,65.771023],[22.604991,65.772406],[22.605317,65.775946],[22.607839,65.778998],[22.609711,65.783474],[22.615489,65.784613],[22.623953,65.783474],[22.6303,65.784939],[22.633718,65.785549],[22.638438,65.780707],[22.638845,65.77615],[22.631847,65.773505],[22.622895,65.772569],[22.612641,65.771023]]],[[[23.970144,65.781887],[23.968435,65.778428],[23.952891,65.781521],[23.961274,65.78795],[23.972667,65.785834],[23.969656,65.784247],[23.970144,65.781887]]],[[[23.478526,65.794053],[23.482026,65.793606],[23.482758,65.790798],[23.481212,65.787218],[23.474457,65.78441],[23.472911,65.785264],[23.472585,65.788113],[23.467947,65.792467],[23.464936,65.796658],[23.472992,65.79678],[23.478526,65.794053]]],[[[23.220307,65.786526],[23.21339,65.79206],[23.213227,65.796902],[23.223155,65.797797],[23.236746,65.79442],[23.241384,65.78734],[23.232758,65.78441],[23.225515,65.784817],[23.220307,65.786526]]],[[[24.16033,65.787095],[24.156586,65.786282],[24.153982,65.789944],[24.146821,65.799954],[24.158783,65.799465],[24.161306,65.794501],[24.16033,65.787095]]],[[[22.392426,65.787218],[22.389008,65.789537],[22.387218,65.795193],[22.394135,65.800076],[22.404959,65.79564],[22.409597,65.79267],[22.415375,65.791246],[22.424897,65.786282],[22.410167,65.788113],[22.400564,65.78502],[22.392426,65.787218]]],[[[24.117686,65.789618],[24.112153,65.785875],[24.100271,65.788967],[24.105805,65.79442],[24.111501,65.798],[24.118337,65.798611],[24.124197,65.802354],[24.131033,65.801418],[24.128998,65.793565],[24.117686,65.789618]]],[[[22.759451,65.791856],[22.741791,65.797349],[22.723318,65.809801],[22.743744,65.80744],[22.752533,65.799709],[22.760997,65.792751],[22.759451,65.791856]]],[[[22.477224,65.794989],[22.465994,65.799872],[22.461599,65.805487],[22.463552,65.813056],[22.470225,65.814805],[22.473806,65.807644],[22.476899,65.801866],[22.482351,65.801256],[22.485525,65.799669],[22.485281,65.79682],[22.484955,65.793728],[22.477224,65.794989]]],[[[22.769379,65.799343],[22.761404,65.809638],[22.757579,65.815497],[22.773774,65.806789],[22.778656,65.79564],[22.769379,65.799343]]]]}}]}